WKT,Name,OBJECTID,UKATEGORIE,UTYP1,UART,UMONAT,USTUNDE,UWOCHENTAG,STRZUSTAND,ULICHTVERH,ISTRAD,ISTPKW,ISTFUSS,ISTKRAD
"POINT (9.627240990000075 52.423278700000026)",Unfall 61573 (2020) Kat:3, Licht: 0,61573,3,6,2,03,07,3,1,0,0,1,0,0
"POINT (9.431885893000072 52.422455663000051)",Unfall 61574 (2020) Kat:3, Licht: 0,61574,3,2,3,03,07,4,0,0,1,1,0,0
"POINT (10.022445969000046 52.355559824000068)",Unfall 61588 (2020) Kat:3, Licht: 0,61588,3,7,8,03,14,1,0,0,0,1,0,0
"POINT (9.712723168000025 52.283715598000072)",Unfall 61595 (2020) Kat:3, Licht: 0,61595,3,3,5,03,07,4,0,0,0,1,0,0
"POINT (9.646400829000072 52.400840179000056)",Unfall 61604 (2020) Kat:3, Licht: 0,61604,3,6,2,03,16,6,1,0,0,1,0,0
"POINT (9.670738354000037 52.441326917000026)",Unfall 61611 (2020) Kat:3, Licht: 0,61611,3,2,4,03,17,5,0,0,0,1,0,0
"POINT (9.666442439000036 52.343749905000038)",Unfall 61613 (2020) Kat:3, Licht: 0,61613,3,7,0,03,16,2,0,0,1,0,0,0
"POINT (9.427821931000040 52.555370511000035)",Unfall 61617 (2020) Kat:3, Licht: 2,61617,3,1,9,03,21,4,1,2,0,1,0,0
"POINT (9.806603192000068 52.307967448000056)",Unfall 61621 (2020) Kat:3, Licht: 0,61621,3,2,5,03,12,4,0,0,0,1,0,0
"POINT (9.726396581000074 52.380839722000076)",Unfall 61624 (2020) Kat:3, Licht: 0,61624,3,3,5,02,16,5,1,0,1,1,0,0
"POINT (10.014997511000047 52.451873418000048)",Unfall 61630 (2020) Kat:3, Licht: 0,61630,3,3,5,02,07,5,1,0,0,1,0,0
"POINT (9.854640064000023 52.359024362000071)",Unfall 61631 (2020) Kat:3, Licht: 2,61631,3,2,5,02,19,5,1,2,0,1,0,0
"POINT (9.597229205000076 52.423228908000056)",Unfall 61633 (2020) Kat:3, Licht: 0,61633,3,6,2,02,10,5,0,0,0,0,0,0
"POINT (9.733380812000064 52.417807817000039)",Unfall 61634 (2020) Kat:3, Licht: 0,61634,3,3,5,03,14,5,0,0,1,1,0,0
"POINT (9.707186044000025 52.410405830000059)",Unfall 61645 (2020) Kat:2, Licht: 0,61645,2,6,0,03,13,7,0,0,0,1,0,1
"POINT (9.651124605000064 52.424676933000057)",Unfall 61646 (2020) Kat:3, Licht: 0,61646,3,6,2,03,07,3,1,0,0,1,0,0
"POINT (9.727501899000060 52.381294012000069)",Unfall 61654 (2020) Kat:3, Licht: 0,61654,3,6,2,03,16,3,0,0,0,1,0,0
"POINT (9.442503351000028 52.366616042000032)",Unfall 61664 (2020) Kat:3, Licht: 0,61664,3,6,2,03,09,5,0,0,0,0,0,0
"POINT (9.847280181000031 52.274274272000071)",Unfall 61668 (2020) Kat:3, Licht: 0,61668,3,6,2,03,16,4,0,0,0,1,0,0
"POINT (9.467532019000032 52.303596056000060)",Unfall 61669 (2020) Kat:3, Licht: 0,61669,3,7,0,03,16,1,0,0,1,0,0,0
"POINT (9.858309049000070 52.387351961000036)",Unfall 61691 (2020) Kat:3, Licht: 2,61691,3,3,5,03,19,2,1,2,0,1,0,0
"POINT (9.855700804000037 52.275082576000045)",Unfall 61696 (2020) Kat:3, Licht: 0,61696,3,2,2,03,15,1,0,0,0,0,0,1
"POINT (9.694644047000054 52.375879554000051)",Unfall 61699 (2020) Kat:3, Licht: 2,61699,3,7,0,03,06,3,1,2,0,0,0,1
"POINT (9.734401553000055 52.438557194000055)",Unfall 61727 (2020) Kat:3, Licht: 2,61727,3,2,5,02,20,7,1,2,0,1,0,0
"POINT (9.754588119000061 52.370067540000036)",Unfall 61737 (2020) Kat:3, Licht: 0,61737,3,6,2,03,12,6,1,0,0,1,0,0
"POINT (9.577535643000033 52.423715221000066)",Unfall 61770 (2020) Kat:3, Licht: 2,61770,3,1,8,03,18,6,1,2,0,1,0,0
"POINT (9.695504556000060 52.361351275000061)",Unfall 61780 (2020) Kat:2, Licht: 0,61780,2,1,0,03,16,3,0,0,1,0,0,0
"POINT (9.599062975000038 52.423231764000036)",Unfall 61792 (2020) Kat:3, Licht: 2,61792,3,7,3,03,20,4,0,2,0,1,0,0
"POINT (9.643901744000061 52.433463272000040)",Unfall 61793 (2020) Kat:3, Licht: 0,61793,3,7,9,03,15,1,0,0,0,1,0,0
"POINT (9.719166984000026 52.347524536000037)",Unfall 61807 (2020) Kat:3, Licht: 2,61807,3,4,0,02,18,4,1,2,0,1,1,0
"POINT (9.456209309000030 52.485477535000030)",Unfall 61813 (2020) Kat:3, Licht: 0,61813,3,1,2,02,15,4,1,0,0,1,0,0
"POINT (9.733795629000042 52.384582856000065)",Unfall 61814 (2020) Kat:3, Licht: 0,61814,3,6,2,03,15,2,0,0,0,1,0,0
"POINT (9.858771897000054 52.485491706000062)",Unfall 61815 (2020) Kat:3, Licht: 0,61815,3,3,5,02,11,4,1,0,0,1,0,0
"POINT (9.841580521000026 52.491265787000032)",Unfall 61821 (2020) Kat:3, Licht: 0,61821,3,1,8,02,07,4,1,0,0,1,0,0
"POINT (9.388840753000068 52.419274800000039)",Unfall 61822 (2020) Kat:3, Licht: 0,61822,3,3,0,02,12,7,0,0,1,1,0,0
"POINT (9.726199177000069 52.365970909000055)",Unfall 61823 (2020) Kat:3, Licht: 0,61823,3,3,5,03,09,3,0,0,1,1,0,0
"POINT (9.493880680000075 52.323109074000058)",Unfall 61829 (2020) Kat:3, Licht: 0,61829,3,2,2,02,15,4,0,0,1,1,0,0
"POINT (9.624711305000062 52.211309684000071)",Unfall 61832 (2020) Kat:3, Licht: 0,61832,3,6,2,03,06,2,0,0,0,1,0,0
"POINT (9.864099141000054 52.331442011000036)",Unfall 61833 (2020) Kat:3, Licht: 1,61833,3,5,1,02,17,4,1,1,0,1,0,0
"POINT (9.735298922000027 52.394737746000033)",Unfall 61837 (2020) Kat:3, Licht: 0,61837,3,6,2,02,12,4,1,0,0,1,0,0
"POINT (9.825253129000032 52.504061519000061)",Unfall 61838 (2020) Kat:3, Licht: 2,61838,3,6,2,02,03,4,0,2,0,0,0,0
"POINT (9.714820520000046 52.378116568000053)",Unfall 61846 (2020) Kat:3, Licht: 0,61846,3,1,8,03,07,1,0,0,0,1,0,0
"POINT (9.820852264000052 52.427058528000032)",Unfall 61851 (2020) Kat:3, Licht: 2,61851,3,3,5,02,21,7,1,2,0,1,0,0
"POINT (9.430626954000047 52.424018264000040)",Unfall 61861 (2020) Kat:3, Licht: 0,61861,3,6,2,03,11,6,1,0,0,1,0,0
"POINT (9.726782768000021 52.375721164000026)",Unfall 61871 (2020) Kat:3, Licht: 0,61871,3,2,0,03,09,3,1,0,1,1,0,0
"POINT (9.758288857000025 52.588924416000054)",Unfall 61892 (2020) Kat:3, Licht: 2,61892,3,6,2,03,19,6,1,2,0,1,0,0
"POINT (9.611738680000030 52.301508087000059)",Unfall 61902 (2020) Kat:3, Licht: 0,61902,3,1,4,03,08,3,1,0,0,1,0,0
"POINT (9.642688590000034 52.414615016000027)",Unfall 61921 (2020) Kat:3, Licht: 2,61921,3,6,2,03,05,4,1,2,0,1,0,0
"POINT (9.861636258000033 52.494035976000077)",Unfall 61937 (2020) Kat:3, Licht: 0,61937,3,2,5,03,11,2,0,0,1,1,0,0
"POINT (9.628300395000053 52.422227275000068)",Unfall 61949 (2020) Kat:3, Licht: 2,61949,3,6,2,03,20,1,1,2,0,1,0,0
"POINT (9.651722994000068 52.417100904000051)",Unfall 61952 (2020) Kat:3, Licht: 2,61952,3,3,5,03,05,3,1,2,0,1,0,0
"POINT (9.858677483000065 52.491681855000081)",Unfall 61968 (2020) Kat:3, Licht: 0,61968,3,7,0,03,09,1,0,0,0,1,0,0
"POINT (9.701059137000073 52.371101741000075)",Unfall 61972 (2020) Kat:3, Licht: 0,61972,3,6,2,02,16,3,0,0,0,1,0,0
"POINT (9.780456202000039 52.270109066000032)",Unfall 61978 (2020) Kat:3, Licht: 0,61978,3,2,4,02,16,3,0,0,0,1,0,0
"POINT (9.551248081000040 52.362720832000036)",Unfall 61979 (2020) Kat:3, Licht: 0,61979,3,6,2,02,14,3,0,0,0,1,0,0
"POINT (9.749648943000068 52.427262473000042)",Unfall 61989 (2020) Kat:3, Licht: 0,61989,3,1,8,03,17,4,0,0,0,1,0,0
"POINT (9.721955003000062 52.327057829000069)",Unfall 61994 (2020) Kat:3, Licht: 0,61994,3,3,5,04,11,4,0,0,1,0,0,0
"POINT (9.590941604000022 52.399372379000056)",Unfall 61996 (2020) Kat:3, Licht: 0,61996,3,6,2,03,14,6,0,0,0,1,0,0
"POINT (9.736198059000060 52.399232201000075)",Unfall 62004 (2020) Kat:3, Licht: 0,62004,3,6,2,03,09,7,0,0,0,1,0,0
"POINT (9.447447609000051 52.416671736000069)",Unfall 62010 (2020) Kat:3, Licht: 0,62010,3,3,5,03,16,7,0,0,0,1,0,0
"POINT (9.791708542000038 52.556893900000034)",Unfall 62011 (2020) Kat:2, Licht: 0,62011,2,6,2,03,11,3,0,0,0,0,0,0
"POINT (9.648456170000031 52.412635711000064)",Unfall 62033 (2020) Kat:3, Licht: 0,62033,3,6,2,03,13,2,0,0,0,1,0,0
"POINT (9.628578962000063 52.394546145000049)",Unfall 62037 (2020) Kat:3, Licht: 0,62037,3,3,5,03,07,2,0,0,0,1,0,0
"POINT (9.728859419000060 52.494212526000069)",Unfall 62039 (2020) Kat:3, Licht: 0,62039,3,2,2,03,12,2,0,0,0,1,0,0
"POINT (10.130164791000027 52.397254919000034)",Unfall 62040 (2020) Kat:3, Licht: 0,62040,3,1,8,04,17,6,0,0,0,0,0,1
"POINT (9.760928800000045 52.586951900000031)",Unfall 62043 (2020) Kat:3, Licht: 0,62043,3,6,2,03,14,2,0,0,0,1,0,0
"POINT (10.098765733000050 52.364737867000031)",Unfall 62053 (2020) Kat:3, Licht: 0,62053,3,6,2,03,18,2,1,0,0,1,0,0
"POINT (9.991160915000023 52.375131498000030)",Unfall 62081 (2020) Kat:3, Licht: 0,62081,3,2,2,03,13,3,0,0,0,1,0,0
"POINT (9.822455027000046 52.508593413000028)",Unfall 62084 (2020) Kat:3, Licht: 0,62084,3,6,2,03,10,5,0,0,0,1,0,0
"POINT (9.733348156000034 52.420738283000048)",Unfall 62125 (2020) Kat:3, Licht: 0,62125,3,6,2,03,16,7,0,0,0,1,0,1
"POINT (9.575467860000060 52.423107179000056)",Unfall 62129 (2020) Kat:3, Licht: 0,62129,3,6,3,04,13,4,0,0,0,1,0,0
"POINT (9.781751525000061 52.246725190000063)",Unfall 62151 (2020) Kat:3, Licht: 0,62151,3,1,9,03,15,1,0,0,1,0,0,0
"POINT (9.725349617000063 52.365011249000077)",Unfall 62153 (2020) Kat:2, Licht: 2,62153,2,7,0,03,19,1,0,2,0,0,0,0
"POINT (9.767205331000071 52.337712622000026)",Unfall 62156 (2020) Kat:3, Licht: 0,62156,3,2,5,03,13,3,0,0,1,1,0,0
"POINT (10.102504732000057 52.364253188000077)",Unfall 62157 (2020) Kat:3, Licht: 0,62157,3,1,9,03,14,1,0,0,0,1,0,0
"POINT (9.903891620000024 52.397191355000075)",Unfall 62160 (2020) Kat:3, Licht: 0,62160,3,1,9,03,08,1,0,0,0,1,0,0
"POINT (9.609105342000021 52.377231269000049)",Unfall 62177 (2020) Kat:3, Licht: 0,62177,3,6,2,03,17,6,0,0,0,1,0,0
"POINT (9.827236569000036 52.359226873000068)",Unfall 62198 (2020) Kat:3, Licht: 0,62198,3,3,5,03,17,2,0,0,0,1,0,0
"POINT (9.650733500000058 52.322212473000036)",Unfall 62201 (2020) Kat:3, Licht: 0,62201,3,7,0,03,08,6,0,0,0,0,1,0
"POINT (9.764823148000062 52.427088400000059)",Unfall 62207 (2020) Kat:3, Licht: 2,62207,3,1,9,03,02,6,0,2,0,1,0,0
"POINT (9.708051439000030 52.420964762000040)",Unfall 62224 (2020) Kat:3, Licht: 0,62224,3,2,5,03,16,1,0,0,1,1,0,0
"POINT (9.969138094000073 52.367829777000054)",Unfall 62226 (2020) Kat:3, Licht: 0,62226,3,4,6,03,15,4,0,0,0,1,1,0
"POINT (9.747225339000067 52.369132104000073)",Unfall 62228 (2020) Kat:3, Licht: 0,62228,3,3,5,03,14,2,1,0,1,0,0,0
"POINT (9.734116141000072 52.295489723000060)",Unfall 62242 (2020) Kat:3, Licht: 0,62242,3,6,2,03,16,3,0,0,1,1,0,0
"POINT (9.640285694000056 52.173534407000034)",Unfall 62245 (2020) Kat:3, Licht: 0,62245,3,7,0,03,14,2,0,0,1,0,0,0
"POINT (9.593111499000031 52.395941816000061)",Unfall 62249 (2020) Kat:3, Licht: 1,62249,3,6,2,04,20,1,0,1,1,0,0,0
"POINT (9.450642744000049 52.504827794000050)",Unfall 62261 (2020) Kat:3, Licht: 0,62261,3,1,0,03,14,7,0,0,1,0,0,0
"POINT (9.715120284000022 52.361273590000053)",Unfall 62262 (2020) Kat:3, Licht: 0,62262,3,2,3,03,13,7,0,0,0,1,0,0
"POINT (9.756720812000026 52.452722442000038)",Unfall 62264 (2020) Kat:3, Licht: 2,62264,3,5,1,03,18,2,0,2,0,1,0,0
"POINT (9.818242882000050 52.338680172000068)",Unfall 62265 (2020) Kat:3, Licht: 0,62265,3,3,5,03,13,7,0,0,0,1,0,0
"POINT (9.492072523000047 52.415859490000059)",Unfall 62269 (2020) Kat:3, Licht: 0,62269,3,6,2,03,15,7,0,0,0,1,0,0
"POINT (9.449831200000062 52.307961338000041)",Unfall 62271 (2020) Kat:3, Licht: 0,62271,3,2,2,03,13,7,0,0,0,1,0,0
"POINT (9.511454327000024 52.381454075000079)",Unfall 62273 (2020) Kat:1, Licht: 0,62273,1,2,2,03,17,2,0,0,1,1,0,0
"POINT (9.797261984000045 52.275227394000069)",Unfall 62274 (2020) Kat:2, Licht: 0,62274,2,7,0,03,13,7,0,0,0,0,0,1
"POINT (9.635686343000032 52.211543286000051)",Unfall 62277 (2020) Kat:3, Licht: 0,62277,3,6,2,03,08,6,0,0,0,1,0,0
"POINT (9.790765624000073 52.532630258000040)",Unfall 62291 (2020) Kat:2, Licht: 0,62291,2,6,2,03,13,3,0,0,0,0,0,0
"POINT (9.560202847000028 52.195285999000077)",Unfall 62296 (2020) Kat:1, Licht: 0,62296,1,2,2,03,12,2,0,0,0,1,0,0
"POINT (9.534032230000037 52.461985306000031)",Unfall 62321 (2020) Kat:3, Licht: 0,62321,3,3,5,04,11,6,0,0,0,1,0,0
"POINT (9.668106599000055 52.343343241000071)",Unfall 62335 (2020) Kat:3, Licht: 0,62335,3,6,2,03,15,2,0,0,0,1,0,0
"POINT (9.750870557000042 52.529369504000044)",Unfall 62339 (2020) Kat:2, Licht: 0,62339,2,3,5,03,15,4,0,0,1,1,0,0
"POINT (9.560034578000057 52.450893171000075)",Unfall 62360 (2020) Kat:3, Licht: 0,62360,3,1,8,03,06,3,2,0,0,1,0,0
"POINT (9.634696020000035 52.420331262000047)",Unfall 62363 (2020) Kat:3, Licht: 0,62363,3,6,3,03,13,5,0,0,0,1,0,0
"POINT (9.271621098000026 52.483401725000078)",Unfall 62367 (2020) Kat:2, Licht: 1,62367,2,1,9,04,19,7,0,1,0,1,0,0
"POINT (10.201053060000049 52.461029284000062)",Unfall 62379 (2020) Kat:2, Licht: 0,62379,2,3,5,03,16,3,0,0,1,1,0,0
"POINT (10.255096443000070 52.478117298000029)",Unfall 62386 (2020) Kat:2, Licht: 0,62386,2,2,5,04,19,1,0,0,0,1,0,1
"POINT (9.842469039000036 52.268103959000030)",Unfall 62405 (2020) Kat:2, Licht: 0,62405,2,3,5,03,14,4,0,0,1,1,0,0
"POINT (9.763449293000065 52.343832852000048)",Unfall 62409 (2020) Kat:3, Licht: 0,62409,3,2,3,03,16,6,1,0,1,0,0,0
"POINT (9.899381527000060 52.399808350000058)",Unfall 62410 (2020) Kat:3, Licht: 0,62410,3,6,3,04,13,4,0,0,0,1,0,0
"POINT (9.506256709000070 52.413107301000082)",Unfall 62413 (2020) Kat:3, Licht: 0,62413,3,3,5,03,13,6,1,0,0,1,0,0
"POINT (9.568095584000048 52.280523606000031)",Unfall 62415 (2020) Kat:3, Licht: 0,62415,3,2,2,03,15,6,1,0,0,1,0,0
"POINT (9.732984383000030 52.471324191000065)",Unfall 62418 (2020) Kat:3, Licht: 2,62418,3,2,2,03,18,6,1,2,0,1,0,0
"POINT (9.677511976000062 52.371827445000065)",Unfall 62422 (2020) Kat:3, Licht: 0,62422,3,6,9,03,12,6,0,0,0,1,0,0
"POINT (9.724622321000027 52.487055726000051)",Unfall 62424 (2020) Kat:3, Licht: 0,62424,3,1,9,03,16,6,1,0,0,1,0,0
"POINT (9.728283278000049 52.374197817000038)",Unfall 62426 (2020) Kat:3, Licht: 0,62426,3,6,2,03,17,5,0,0,0,1,0,0
"POINT (9.733981481000058 52.385020611000073)",Unfall 62428 (2020) Kat:2, Licht: 2,62428,2,1,8,03,01,6,0,2,0,1,0,0
"POINT (9.733237362000068 52.384273535000034)",Unfall 62436 (2020) Kat:3, Licht: 1,62436,3,6,2,03,18,5,0,1,0,1,0,1
"POINT (9.799617900000044 52.450664906000043)",Unfall 62440 (2020) Kat:3, Licht: 0,62440,3,2,8,03,11,7,0,0,0,1,0,0
"POINT (9.721196225000028 52.361670918000073)",Unfall 62453 (2020) Kat:3, Licht: 1,62453,3,2,5,03,17,5,0,1,1,1,0,0
"POINT (9.783816705000049 52.322006432000080)",Unfall 62459 (2020) Kat:3, Licht: 0,62459,3,6,3,03,16,5,0,0,1,0,0,0
"POINT (9.724385508000069 52.454095395000081)",Unfall 62471 (2020) Kat:3, Licht: 0,62471,3,3,5,03,16,2,1,0,0,1,0,0
"POINT (9.626877959000069 52.423380785000063)",Unfall 62481 (2020) Kat:3, Licht: 0,62481,3,6,2,03,11,2,1,0,0,1,0,0
"POINT (10.049235410000051 52.467429479000032)",Unfall 62498 (2020) Kat:3, Licht: 2,62498,3,1,8,03,22,3,0,2,0,1,0,0
"POINT (9.811430597000026 52.528461958000037)",Unfall 62501 (2020) Kat:3, Licht: 0,62501,3,6,2,03,08,5,0,0,0,0,0,0
"POINT (9.723007221000046 52.358093419000056)",Unfall 62535 (2020) Kat:3, Licht: 0,62535,3,6,2,03,17,5,0,0,0,1,0,0
"POINT (9.467443355000057 52.422642347000078)",Unfall 62541 (2020) Kat:3, Licht: 0,62541,3,2,2,03,16,5,0,0,0,1,0,0
"POINT (9.709164778000059 52.408439108000039)",Unfall 62543 (2020) Kat:3, Licht: 0,62543,3,7,0,03,17,7,0,0,0,0,0,1
"POINT (9.464044307000052 52.402777348000029)",Unfall 62544 (2020) Kat:3, Licht: 0,62544,3,6,8,03,10,5,0,0,0,0,0,0
"POINT (9.924608339000031 52.349520072000075)",Unfall 62546 (2020) Kat:2, Licht: 0,62546,2,6,2,03,16,5,0,0,0,1,0,0
"POINT (9.694632122000030 52.419613477000041)",Unfall 62550 (2020) Kat:2, Licht: 2,62550,2,2,5,03,22,5,0,2,1,1,0,0
"POINT (9.837882863000061 52.310714884000049)",Unfall 62551 (2020) Kat:2, Licht: 2,62551,2,1,9,03,20,5,0,2,0,1,0,0
"POINT (9.768643602000054 52.426970314000073)",Unfall 62554 (2020) Kat:3, Licht: 0,62554,3,6,2,03,16,5,0,0,0,1,0,0
"POINT (9.694925876000070 52.430963533000067)",Unfall 62558 (2020) Kat:3, Licht: 0,62558,3,7,5,03,15,5,0,0,0,1,0,0
"POINT (9.429220385000065 52.427506701000027)",Unfall 62559 (2020) Kat:3, Licht: 0,62559,3,3,5,03,10,6,0,0,1,1,0,0
"POINT (9.712338058000057 52.404120149000050)",Unfall 62560 (2020) Kat:2, Licht: 0,62560,2,6,2,03,08,5,1,0,0,1,0,0
"POINT (9.863568082000029 52.330271054000036)",Unfall 62562 (2020) Kat:3, Licht: 2,62562,3,6,2,03,00,5,1,2,0,0,0,0
"POINT (9.733654387000058 52.384465217000070)",Unfall 62573 (2020) Kat:3, Licht: 0,62573,3,1,0,03,15,3,0,0,1,0,0,0
"POINT (9.646554716000026 52.397337367000034)",Unfall 62615 (2020) Kat:3, Licht: 0,62615,3,2,6,03,11,2,1,0,0,1,1,0
"POINT (9.728476245000024 52.368029579000051)",Unfall 62641 (2020) Kat:3, Licht: 0,62641,3,2,5,03,11,5,0,0,1,1,0,0
"POINT (9.631320119000066 52.264135599000042)",Unfall 62645 (2020) Kat:3, Licht: 0,62645,3,7,0,04,17,7,0,0,1,0,0,0
"POINT (9.705645027000060 52.412242557000070)",Unfall 62658 (2020) Kat:3, Licht: 2,62658,3,7,0,03,21,3,0,2,1,0,0,0
"POINT (9.997310901000049 52.507534535000048)",Unfall 62665 (2020) Kat:3, Licht: 0,62665,3,7,0,04,07,1,0,0,1,0,0,0
"POINT (9.788176793000048 52.454811055000050)",Unfall 62676 (2020) Kat:3, Licht: 0,62676,3,1,0,03,13,7,0,0,0,0,0,1
"POINT (9.903886733000036 52.444845988000054)",Unfall 62683 (2020) Kat:3, Licht: 0,62683,3,1,0,04,17,7,0,0,1,0,0,0
"POINT (9.862625176000051 52.405376031000060)",Unfall 62695 (2020) Kat:3, Licht: 0,62695,3,1,9,05,10,7,1,0,0,1,0,0
"POINT (9.795192199000042 52.394949768000060)",Unfall 62699 (2020) Kat:3, Licht: 0,62699,3,6,2,04,07,2,0,0,0,1,0,0
"POINT (9.629054469000039 52.264616143000069)",Unfall 62703 (2020) Kat:3, Licht: 0,62703,3,3,5,04,17,5,0,0,1,1,0,0
"POINT (9.431654136000077 52.319033795000053)",Unfall 62706 (2020) Kat:3, Licht: 0,62706,3,3,5,04,13,5,0,0,0,1,0,0
"POINT (9.746552428000030 52.197664148000058)",Unfall 62707 (2020) Kat:3, Licht: 0,62707,3,2,2,04,15,1,0,0,0,1,0,0
"POINT (9.531660284000054 52.408465622000051)",Unfall 62709 (2020) Kat:2, Licht: 2,62709,2,1,0,04,21,5,0,2,1,0,0,0
"POINT (9.743078496000067 52.604285233000041)",Unfall 62711 (2020) Kat:3, Licht: 2,62711,3,6,2,04,23,5,0,2,0,1,0,0
"POINT (9.608540533000053 52.392526503000056)",Unfall 62715 (2020) Kat:2, Licht: 2,62715,2,1,0,04,21,5,0,2,1,0,0,0
"POINT (9.822984289000033 52.426313874000073)",Unfall 62717 (2020) Kat:3, Licht: 0,62717,3,7,8,05,16,1,0,0,0,1,0,0
"POINT (9.768441758000051 52.338188082000045)",Unfall 62718 (2020) Kat:3, Licht: 0,62718,3,6,2,04,15,3,0,0,0,1,0,0
"POINT (9.560719805000076 52.422666344000049)",Unfall 62719 (2020) Kat:2, Licht: 0,62719,2,3,5,04,17,5,0,0,1,1,0,0
"POINT (9.794101313000056 52.216939131000061)",Unfall 62721 (2020) Kat:2, Licht: 0,62721,2,6,4,04,11,5,0,0,0,1,0,0
"POINT (9.429053948000046 52.355352667000034)",Unfall 62722 (2020) Kat:3, Licht: 1,62722,3,6,2,04,05,5,0,1,0,1,0,0
"POINT (9.862422205000030 52.405469162000031)",Unfall 62723 (2020) Kat:2, Licht: 0,62723,2,6,2,04,15,6,0,0,0,0,0,0
"POINT (9.793862227000034 52.394736318000071)",Unfall 62731 (2020) Kat:3, Licht: 0,62731,3,2,5,04,17,6,0,0,0,1,0,0
"POINT (9.754432857000040 52.370059124000079)",Unfall 62742 (2020) Kat:3, Licht: 0,62742,3,6,3,04,12,5,0,0,1,1,0,0
"POINT (10.024198997000042 52.432933629000047)",Unfall 62757 (2020) Kat:3, Licht: 0,62757,3,3,5,04,12,3,0,0,0,1,0,1
"POINT (9.596369012000025 52.394909278000057)",Unfall 62764 (2020) Kat:2, Licht: 0,62764,2,3,5,04,18,2,0,0,1,1,0,0
"POINT (10.103520220000064 52.456497204000073)",Unfall 62768 (2020) Kat:3, Licht: 0,62768,3,3,5,04,15,7,0,0,0,1,0,1
"POINT (9.609680368000056 52.304170100000078)",Unfall 62769 (2020) Kat:2, Licht: 0,62769,2,7,0,04,12,5,0,0,1,0,0,0
"POINT (9.712684813000067 52.366772654000044)",Unfall 62783 (2020) Kat:3, Licht: 0,62783,3,2,5,04,15,5,0,0,1,1,0,0
"POINT (9.850858782000046 52.478063959000053)",Unfall 62784 (2020) Kat:3, Licht: 0,62784,3,6,3,04,09,5,0,0,0,1,0,0
"POINT (9.756733996000037 52.370185341000081)",Unfall 62787 (2020) Kat:3, Licht: 0,62787,3,3,5,04,15,1,0,0,1,1,0,0
"POINT (9.696049328000072 52.214079802000072)",Unfall 62788 (2020) Kat:3, Licht: 0,62788,3,7,0,04,15,4,0,0,1,0,0,0
"POINT (9.470326992000025 52.301391810000041)",Unfall 62790 (2020) Kat:3, Licht: 0,62790,3,6,2,04,17,4,0,0,0,1,0,0
"POINT (9.816673903000037 52.284633957000040)",Unfall 62792 (2020) Kat:3, Licht: 0,62792,3,6,2,04,12,4,0,0,0,1,0,0
"POINT (9.754905692000023 52.547826002000079)",Unfall 62793 (2020) Kat:3, Licht: 0,62793,3,3,5,05,13,1,0,0,1,0,0,1
"POINT (9.888676665000048 52.427383091000081)",Unfall 62794 (2020) Kat:2, Licht: 0,62794,2,1,9,04,17,4,0,0,0,0,0,1
"POINT (9.715045011000029 52.366640970000049)",Unfall 62798 (2020) Kat:3, Licht: 0,62798,3,5,0,04,09,4,0,0,1,1,0,0
"POINT (9.615861295000059 52.351790233000031)",Unfall 62801 (2020) Kat:3, Licht: 1,62801,3,1,9,04,05,4,0,1,0,1,0,0
"POINT (9.658941342000048 52.426180134000049)",Unfall 62811 (2020) Kat:2, Licht: 0,62811,2,6,3,04,16,7,0,0,0,1,0,1
"POINT (10.014462171000048 52.382806363000043)",Unfall 62823 (2020) Kat:3, Licht: 0,62823,3,2,4,05,11,7,1,0,0,1,0,0
"POINT (9.722711525000022 52.337531910000052)",Unfall 62827 (2020) Kat:3, Licht: 0,62827,3,1,0,04,14,2,0,0,0,0,0,1
"POINT (9.762682093000024 52.370407833000058)",Unfall 62829 (2020) Kat:3, Licht: 0,62829,3,1,9,04,06,4,0,0,0,1,0,0
"POINT (9.817710365000039 52.300034821000054)",Unfall 62858 (2020) Kat:3, Licht: 0,62858,3,2,5,04,19,3,0,0,1,1,0,0
"POINT (9.847681462000026 52.436935621000032)",Unfall 62863 (2020) Kat:2, Licht: 0,62863,2,2,4,04,09,3,0,0,1,1,0,0
"POINT (9.778957587000036 52.573172364000072)",Unfall 62866 (2020) Kat:3, Licht: 0,62866,3,6,3,04,07,3,0,0,0,1,0,0
"POINT (9.559458565000057 52.422652940000035)",Unfall 62873 (2020) Kat:3, Licht: 0,62873,3,1,8,04,15,1,0,0,1,0,0,0
"POINT (9.731564063000064 52.369565281000064)",Unfall 62899 (2020) Kat:3, Licht: 0,62899,3,6,2,04,15,2,0,0,0,1,0,0