WKT,Name,OBJECTID,UKATEGORIE,UTYP1,UART,UMONAT,USTUNDE,UWOCHENTAG,STRZUSTAND,ULICHTVERH,ISTRAD,ISTPKW,ISTFUSS,ISTKRAD
"POINT (9.548589101000061 52.421409073000063)",Unfall 65355 (2020) Kat:3, Licht: 2,65355,3,1,9,06,22,1,1,2,0,1,0,0
"POINT (9.619624651000038 52.354996550000067)",Unfall 65357 (2020) Kat:3, Licht: 0,65357,3,7,0,06,11,3,0,0,0,0,0,1
"POINT (9.817370104000077 52.428007746000048)",Unfall 65360 (2020) Kat:3, Licht: 0,65360,3,7,0,06,15,7,0,0,0,1,0,0
"POINT (9.723286354000038 52.377796823000040)",Unfall 65363 (2020) Kat:2, Licht: 2,65363,2,1,0,06,23,6,0,2,1,0,0,0
"POINT (9.628609353000059 52.408896609000067)",Unfall 65365 (2020) Kat:3, Licht: 0,65365,3,6,2,06,14,4,0,0,0,1,0,0
"POINT (9.521997729000077 52.302749172000063)",Unfall 65367 (2020) Kat:3, Licht: 0,65367,3,1,9,06,20,5,1,0,0,1,0,0
"POINT (9.629628872000069 52.394652075000067)",Unfall 65377 (2020) Kat:3, Licht: 0,65377,3,3,5,06,19,4,0,0,1,1,0,0
"POINT (9.475981115000025 52.297717795000040)",Unfall 65378 (2020) Kat:3, Licht: 0,65378,3,7,0,06,12,2,0,0,0,1,0,0
"POINT (9.656864797000026 52.425621523000075)",Unfall 65380 (2020) Kat:3, Licht: 1,65380,3,1,8,06,04,3,0,1,0,1,0,0
"POINT (9.698730804000036 52.347396155000069)",Unfall 65381 (2020) Kat:3, Licht: 0,65381,3,3,5,06,14,4,0,0,0,1,0,0
"POINT (9.430920825000044 52.331101961000059)",Unfall 65382 (2020) Kat:3, Licht: 0,65382,3,3,5,06,18,4,0,0,1,1,0,0
"POINT (9.931084430000055 52.339444532000073)",Unfall 65385 (2020) Kat:3, Licht: 0,65385,3,6,2,06,17,4,0,0,0,1,0,0
"POINT (9.734030383000061 52.387139264000041)",Unfall 65387 (2020) Kat:3, Licht: 0,65387,3,2,5,06,17,4,0,0,1,0,0,0
"POINT (9.745785074000025 52.601019787000041)",Unfall 65390 (2020) Kat:3, Licht: 0,65390,3,6,2,06,11,4,0,0,0,1,0,0
"POINT (9.796640570000022 52.415718185000060)",Unfall 65394 (2020) Kat:3, Licht: 0,65394,3,6,4,06,17,4,0,0,1,0,0,0
"POINT (9.747295909000059 52.324021762000029)",Unfall 65399 (2020) Kat:3, Licht: 0,65399,3,3,5,06,15,4,0,0,0,1,0,0
"POINT (10.238159602000053 52.495069879000027)",Unfall 65402 (2020) Kat:3, Licht: 0,65402,3,6,2,06,12,4,0,0,0,1,0,0
"POINT (10.114268516000038 52.351439799000048)",Unfall 65403 (2020) Kat:3, Licht: 0,65403,3,7,0,06,06,2,0,0,1,0,0,0
"POINT (9.727668967000057 52.374597993000066)",Unfall 65408 (2020) Kat:3, Licht: 0,65408,3,7,0,06,15,1,0,0,1,0,0,0
"POINT (9.707025114000032 52.410590749000050)",Unfall 65410 (2020) Kat:3, Licht: 0,65410,3,6,2,06,10,6,0,0,0,1,0,0
"POINT (9.690915318000066 52.308494057000075)",Unfall 65415 (2020) Kat:2, Licht: 0,65415,2,2,5,06,17,4,0,0,0,1,0,0
"POINT (9.827068361000045 52.342880348000051)",Unfall 65420 (2020) Kat:2, Licht: 0,65420,2,3,5,06,10,4,0,0,1,1,0,0
"POINT (9.631971630000066 52.394697557000029)",Unfall 65429 (2020) Kat:3, Licht: 0,65429,3,6,2,06,20,1,1,0,0,1,0,0
"POINT (9.745566177000058 52.369057248000047)",Unfall 65430 (2020) Kat:2, Licht: 0,65430,2,1,0,06,21,1,0,0,1,0,0,0
"POINT (9.746254304000047 52.365657227000042)",Unfall 65431 (2020) Kat:3, Licht: 0,65431,3,6,2,06,17,3,0,0,0,1,0,0
"POINT (9.633360640000035 52.174762639000051)",Unfall 65434 (2020) Kat:3, Licht: 0,65434,3,6,6,06,15,7,0,0,1,0,1,0
"POINT (9.715477005000025 52.638479771000050)",Unfall 65441 (2020) Kat:3, Licht: 0,65441,3,6,2,06,15,7,0,0,0,1,0,0
"POINT (9.751392845000055 52.528871742000035)",Unfall 65448 (2020) Kat:3, Licht: 0,65448,3,3,5,06,11,5,0,0,1,1,0,0
"POINT (9.814653982000039 52.402032141000063)",Unfall 65454 (2020) Kat:2, Licht: 0,65454,2,1,8,06,17,1,1,0,0,1,0,0
"POINT (9.864721637000059 52.496504186000038)",Unfall 65456 (2020) Kat:3, Licht: 0,65456,3,6,2,06,12,3,0,0,0,1,0,0
"POINT (9.851622883000061 52.410613196000043)",Unfall 65460 (2020) Kat:3, Licht: 0,65460,3,6,2,06,06,7,0,0,0,1,0,0
"POINT (9.709647659000041 52.346756756000048)",Unfall 65463 (2020) Kat:3, Licht: 0,65463,3,6,3,06,19,6,0,0,0,1,0,0
"POINT (9.349017490000051 52.499095697000030)",Unfall 65472 (2020) Kat:2, Licht: 1,65472,2,3,5,06,21,1,0,1,1,0,0,1
"POINT (9.621236598000053 52.392880915000035)",Unfall 65477 (2020) Kat:3, Licht: 0,65477,3,7,0,06,07,2,0,0,0,0,0,0
"POINT (9.782443789000070 52.325008137000054)",Unfall 65488 (2020) Kat:3, Licht: 0,65488,3,2,5,07,15,5,0,0,1,1,0,0
"POINT (9.544754243000057 52.310227507000036)",Unfall 65518 (2020) Kat:3, Licht: 0,65518,3,1,9,07,14,4,1,0,0,1,0,0
"POINT (9.730477462000067 52.382330550000063)",Unfall 65530 (2020) Kat:3, Licht: 0,65530,3,2,5,06,14,6,0,0,1,0,0,1
"POINT (9.767043130000047 52.339761991000046)",Unfall 65533 (2020) Kat:3, Licht: 0,65533,3,4,0,06,11,6,0,0,1,0,1,0
"POINT (9.797839245000034 52.335568371000079)",Unfall 65535 (2020) Kat:3, Licht: 0,65535,3,7,0,06,11,6,0,0,1,0,0,0
"POINT (9.640948002000073 52.173397527000077)",Unfall 65537 (2020) Kat:3, Licht: 0,65537,3,3,5,06,06,3,0,0,0,1,0,0
"POINT (9.431470998000066 52.422782611000059)",Unfall 65538 (2020) Kat:3, Licht: 0,65538,3,2,5,06,12,6,0,0,1,1,0,0
"POINT (9.610950152000044 52.405470089000062)",Unfall 65541 (2020) Kat:3, Licht: 0,65541,3,2,2,06,11,6,0,0,0,1,0,0
"POINT (9.723158328000068 52.604730270000061)",Unfall 65543 (2020) Kat:3, Licht: 0,65543,3,3,5,06,09,6,0,0,1,1,0,0
"POINT (10.114478757000029 52.350989181000045)",Unfall 65545 (2020) Kat:3, Licht: 0,65545,3,7,5,06,16,6,0,0,1,1,0,0
"POINT (9.888278062000040 52.482324737000056)",Unfall 65547 (2020) Kat:3, Licht: 0,65547,3,2,2,06,17,6,0,0,0,1,0,0
"POINT (9.743081986000050 52.547438894000038)",Unfall 65548 (2020) Kat:3, Licht: 0,65548,3,2,2,07,09,4,1,0,0,1,0,0
"POINT (9.969343796000032 52.441744316000040)",Unfall 65549 (2020) Kat:3, Licht: 0,65549,3,1,2,06,15,6,0,0,0,1,0,0
"POINT (9.733188826000060 52.319101614000033)",Unfall 65550 (2020) Kat:2, Licht: 0,65550,2,3,5,06,16,6,0,0,1,1,0,0
"POINT (9.678006070000038 52.359378857000081)",Unfall 65552 (2020) Kat:2, Licht: 0,65552,2,3,5,06,09,6,0,0,1,0,0,0
"POINT (9.734572166000021 52.411480026000049)",Unfall 65554 (2020) Kat:3, Licht: 0,65554,3,2,0,06,09,6,0,0,1,1,0,0
"POINT (9.641619380000066 52.422541541000044)",Unfall 65566 (2020) Kat:3, Licht: 0,65566,3,6,3,07,05,4,1,0,0,1,0,0
"POINT (9.839325550000069 52.410091663000060)",Unfall 65574 (2020) Kat:3, Licht: 0,65574,3,1,8,07,17,4,1,0,0,1,0,0
"POINT (9.799242351000032 52.410208733000047)",Unfall 65590 (2020) Kat:3, Licht: 1,65590,3,5,1,06,21,2,0,1,0,1,0,0
"POINT (9.827006334000032 52.354060201000038)",Unfall 65609 (2020) Kat:3, Licht: 0,65609,3,2,2,07,15,5,0,0,0,1,0,0
"POINT (9.573581689000037 52.423102546000052)",Unfall 65636 (2020) Kat:3, Licht: 0,65636,3,1,8,07,20,4,1,0,0,1,0,0
"POINT (9.725338213000043 52.380370732000074)",Unfall 65642 (2020) Kat:3, Licht: 0,65642,3,6,2,07,12,4,1,0,0,1,0,0
"POINT (9.858926000000054 52.496265806000054)",Unfall 65651 (2020) Kat:3, Licht: 0,65651,3,6,4,06,09,3,0,0,1,0,0,0
"POINT (9.862138202000040 52.473758989000032)",Unfall 65662 (2020) Kat:2, Licht: 0,65662,2,4,6,07,12,4,1,0,0,1,1,0
"POINT (9.688592395000057 52.374886591000063)",Unfall 65664 (2020) Kat:3, Licht: 0,65664,3,6,2,06,15,5,0,0,0,1,0,0
"POINT (9.451030358000025 52.435623805000034)",Unfall 65666 (2020) Kat:3, Licht: 0,65666,3,3,5,06,18,5,0,0,1,1,0,0
"POINT (9.564218530000062 52.441029733000050)",Unfall 65668 (2020) Kat:3, Licht: 0,65668,3,3,5,06,17,5,0,0,1,1,0,0
"POINT (9.685886276000076 52.551593085000036)",Unfall 65669 (2020) Kat:2, Licht: 0,65669,2,5,1,06,20,5,0,0,1,0,0,0
"POINT (9.728448432000050 52.368009432000065)",Unfall 65671 (2020) Kat:2, Licht: 0,65671,2,2,5,06,09,5,0,0,1,1,0,0
"POINT (9.674890163000043 52.350173388000030)",Unfall 65689 (2020) Kat:2, Licht: 0,65689,2,3,5,07,13,4,1,0,1,1,0,0
"POINT (9.658080782000070 52.388218843000061)",Unfall 65706 (2020) Kat:3, Licht: 0,65706,3,3,5,06,06,2,0,0,1,0,0,0
"POINT (9.419213569000021 52.424543117000042)",Unfall 65715 (2020) Kat:3, Licht: 0,65715,3,1,5,06,17,2,0,0,1,1,0,0
"POINT (9.633674401000064 52.293599946000029)",Unfall 65727 (2020) Kat:3, Licht: 0,65727,3,3,5,07,18,5,0,0,1,1,0,0
"POINT (9.844263644000023 52.389233107000052)",Unfall 65759 (2020) Kat:3, Licht: 0,65759,3,3,0,07,05,4,0,0,1,1,0,0
"POINT (9.834960932000058 52.409681994000039)",Unfall 65781 (2020) Kat:3, Licht: 0,65781,3,3,5,07,19,4,1,0,0,1,0,0
"POINT (9.601766831000077 52.434631673000069)",Unfall 65790 (2020) Kat:3, Licht: 0,65790,3,6,2,07,11,4,1,0,0,1,0,0
"POINT (9.676780617000077 52.356951707000064)",Unfall 65807 (2020) Kat:3, Licht: 0,65807,3,2,3,06,13,4,0,0,1,1,0,0
"POINT (9.713334230000044 52.314771764000056)",Unfall 65809 (2020) Kat:3, Licht: 0,65809,3,2,5,06,12,4,0,0,0,1,0,0
"POINT (9.867953850000049 52.310101984000028)",Unfall 65810 (2020) Kat:3, Licht: 0,65810,3,1,4,07,12,4,1,0,0,1,0,0
"POINT (9.734763233000024 52.545290608000073)",Unfall 65812 (2020) Kat:3, Licht: 0,65812,3,5,0,06,09,4,0,0,1,1,0,0
"POINT (9.854705759000069 52.545919431000073)",Unfall 65813 (2020) Kat:2, Licht: 0,65813,2,2,5,06,19,4,0,0,0,1,0,1
"POINT (9.534330154000031 52.461480524000081)",Unfall 65816 (2020) Kat:2, Licht: 0,65816,2,2,5,06,18,4,0,0,1,1,0,0
"POINT (9.827154443000040 52.353390187000059)",Unfall 65818 (2020) Kat:3, Licht: 0,65818,3,3,5,06,10,4,0,0,1,1,0,0
"POINT (9.957401806000064 52.318623253000055)",Unfall 65834 (2020) Kat:3, Licht: 0,65834,3,6,2,06,13,2,0,0,0,1,0,0
"POINT (9.716564992000031 52.421939924000071)",Unfall 65845 (2020) Kat:3, Licht: 0,65845,3,2,5,07,07,5,0,0,1,1,0,0
"POINT (9.648363645000075 52.412705446000075)",Unfall 65875 (2020) Kat:3, Licht: 0,65875,3,2,5,06,12,7,0,0,0,1,0,0
"POINT (9.456909595000070 52.500115008000080)",Unfall 65877 (2020) Kat:3, Licht: 0,65877,3,6,2,07,11,4,1,0,0,1,0,0
"POINT (9.651343740000073 52.419658704000028)",Unfall 65888 (2020) Kat:3, Licht: 0,65888,3,7,0,06,19,7,0,0,1,0,0,0
"POINT (9.743884112000046 52.452981227000066)",Unfall 65894 (2020) Kat:3, Licht: 0,65894,3,2,5,06,11,3,0,0,0,1,0,0
"POINT (9.745302834000029 52.367262203000053)",Unfall 65904 (2020) Kat:3, Licht: 0,65904,3,6,2,06,09,3,0,0,0,1,0,0
"POINT (9.723095188000059 52.442161360000057)",Unfall 65905 (2020) Kat:3, Licht: 0,65905,3,7,0,07,20,4,1,0,0,1,0,0
"POINT (9.740264860000025 52.368259621000050)",Unfall 65906 (2020) Kat:3, Licht: 0,65906,3,2,4,06,13,3,0,0,1,1,0,0
"POINT (9.415566155000022 52.464530674000059)",Unfall 65907 (2020) Kat:3, Licht: 0,65907,3,6,2,06,13,3,0,0,0,1,0,0
"POINT (9.611800634000076 52.316912635000051)",Unfall 65910 (2020) Kat:3, Licht: 0,65910,3,7,0,06,18,3,0,0,1,0,0,0
"POINT (9.756820330000039 52.313183681000055)",Unfall 65912 (2020) Kat:3, Licht: 0,65912,3,1,0,06,20,3,0,0,1,0,0,0
"POINT (9.725211319000039 52.459900548000064)",Unfall 65913 (2020) Kat:3, Licht: 0,65913,3,3,5,06,09,3,0,0,0,1,0,0
"POINT (10.013057149000076 52.446288107000044)",Unfall 65915 (2020) Kat:2, Licht: 0,65915,2,2,5,06,15,3,0,0,1,1,0,0
"POINT (9.812985120000064 52.305157988000076)",Unfall 65920 (2020) Kat:2, Licht: 0,65920,2,2,5,06,12,3,0,0,1,1,0,0
"POINT (9.494273988000032 52.324539545000050)",Unfall 65932 (2020) Kat:2, Licht: 0,65932,2,1,8,07,17,4,1,0,0,1,0,0
"POINT (9.730190319000030 52.368948259000035)",Unfall 65945 (2020) Kat:3, Licht: 0,65945,3,3,5,06,21,1,0,0,1,1,0,0
"POINT (9.693620473000067 52.361132191000081)",Unfall 65948 (2020) Kat:3, Licht: 0,65948,3,6,2,06,13,2,0,0,0,1,0,0
"POINT (9.827115985000035 52.344092846000080)",Unfall 65967 (2020) Kat:3, Licht: 0,65967,3,7,0,07,15,5,0,0,1,0,0,0
"POINT (9.590264381000054 52.438934438000047)",Unfall 65994 (2020) Kat:3, Licht: 0,65994,3,6,2,07,13,4,1,0,0,1,0,0
"POINT (9.832671515000072 52.386196278000057)",Unfall 66000 (2020) Kat:3, Licht: 0,66000,3,2,4,07,17,4,1,0,0,1,0,0
"POINT (9.813921507000032 52.383488314000033)",Unfall 66007 (2020) Kat:3, Licht: 0,66007,3,3,5,06,12,2,0,0,1,1,0,0
"POINT (9.715984535000075 52.358624501000065)",Unfall 66008 (2020) Kat:3, Licht: 0,66008,3,7,0,06,14,2,0,0,1,0,0,0
"POINT (9.779698322000058 52.366511680000031)",Unfall 66009 (2020) Kat:3, Licht: 0,66009,3,6,2,06,19,3,0,0,0,1,0,0
"POINT (9.842158471000062 52.395005624000078)",Unfall 66010 (2020) Kat:3, Licht: 0,66010,3,7,0,06,17,2,0,0,1,0,0,0
"POINT (9.771405256000037 52.334985202000041)",Unfall 66013 (2020) Kat:3, Licht: 0,66013,3,7,0,06,09,2,0,0,1,0,0,0
"POINT (9.613833925000051 52.316373171000066)",Unfall 66015 (2020) Kat:3, Licht: 0,66015,3,2,5,06,12,2,0,0,0,1,0,0
"POINT (9.616341571000021 52.439253297000050)",Unfall 66017 (2020) Kat:3, Licht: 0,66017,3,3,5,06,19,2,0,0,0,1,0,1
"POINT (9.755395060000069 52.569392877000041)",Unfall 66019 (2020) Kat:3, Licht: 0,66019,3,1,9,06,17,2,0,0,0,1,0,0
"POINT (9.680267781000055 52.431499564000035)",Unfall 66022 (2020) Kat:3, Licht: 0,66022,3,3,5,06,17,2,0,0,1,1,0,0
"POINT (9.731352543000071 52.484951856000066)",Unfall 66023 (2020) Kat:3, Licht: 0,66023,3,7,7,06,15,2,0,0,0,0,0,1
"POINT (9.720379268000045 52.458798595000076)",Unfall 66025 (2020) Kat:3, Licht: 0,66025,3,2,5,06,10,2,0,0,0,1,0,0
"POINT (9.785483261000024 52.372307825000064)",Unfall 66027 (2020) Kat:3, Licht: 0,66027,3,6,2,06,19,2,0,0,0,1,1,0
"POINT (9.734903126000063 52.391506262000064)",Unfall 66028 (2020) Kat:3, Licht: 0,66028,3,2,5,06,21,2,0,0,1,1,0,0
"POINT (9.733928557000070 52.416416209000033)",Unfall 66029 (2020) Kat:3, Licht: 0,66029,3,3,5,06,16,2,0,0,1,1,0,0
"POINT (9.734422968000047 52.389606686000036)",Unfall 66030 (2020) Kat:3, Licht: 0,66030,3,1,0,06,15,2,0,0,1,0,0,0
"POINT (9.732366414000069 52.438539032000051)",Unfall 66031 (2020) Kat:2, Licht: 0,66031,2,3,5,06,09,2,0,0,1,1,0,0
"POINT (9.552129469000022 52.203119284000081)",Unfall 66041 (2020) Kat:3, Licht: 0,66041,3,7,9,06,19,1,0,0,0,0,0,1
"POINT (9.974559883000040 52.400775919000068)",Unfall 66067 (2020) Kat:3, Licht: 0,66067,3,2,2,07,13,6,1,0,0,1,0,0
"POINT (9.730213768000056 52.368958507000059)",Unfall 66068 (2020) Kat:3, Licht: 0,66068,3,3,5,07,14,7,0,0,1,1,0,0
"POINT (9.404176893000056 52.331530917000066)",Unfall 66070 (2020) Kat:3, Licht: 0,66070,3,6,3,07,13,6,1,0,0,1,0,0
"POINT (9.764129363000052 52.584688605000053)",Unfall 66073 (2020) Kat:3, Licht: 0,66073,3,6,2,07,13,3,0,0,0,0,0,0
"POINT (9.594537671000069 52.395378503000074)",Unfall 66074 (2020) Kat:2, Licht: 0,66074,2,4,6,07,10,6,0,0,0,1,1,0
"POINT (9.575293020000061 52.431847053000070)",Unfall 66082 (2020) Kat:3, Licht: 0,66082,3,3,5,07,16,7,1,0,0,1,0,1
"POINT (10.067001405000042 52.395027705000075)",Unfall 66086 (2020) Kat:3, Licht: 0,66086,3,6,2,07,15,7,0,0,0,1,0,0
"POINT (9.744522719000031 52.453175913000052)",Unfall 66093 (2020) Kat:3, Licht: 0,66093,3,6,2,07,13,7,1,0,0,1,0,0
"POINT (9.584515606000025 52.331224911000049)",Unfall 66094 (2020) Kat:3, Licht: 0,66094,3,6,2,07,15,6,0,0,0,1,0,1
"POINT (9.758582522000040 52.277619525000034)",Unfall 66097 (2020) Kat:3, Licht: 0,66097,3,7,0,07,18,1,0,0,1,0,0,0
"POINT (9.727732215000060 52.374525726000059)",Unfall 66105 (2020) Kat:3, Licht: 0,66105,3,6,2,07,13,2,0,0,0,1,0,0
"POINT (9.744434545000047 52.367812025000035)",Unfall 66108 (2020) Kat:3, Licht: 0,66108,3,7,0,07,20,4,0,0,1,0,0,0
"POINT (9.727851732000033 52.381428053000036)",Unfall 66117 (2020) Kat:2, Licht: 2,66117,2,5,5,07,23,7,0,2,1,1,0,0
"POINT (9.770781199000055 52.335761248000040)",Unfall 66125 (2020) Kat:2, Licht: 0,66125,2,6,3,07,20,6,0,0,1,0,0,0
"POINT (9.722644965000029 52.378387753000027)",Unfall 66146 (2020) Kat:3, Licht: 0,66146,3,6,2,07,09,2,1,0,0,1,0,0
"POINT (9.467395527000065 52.422646538000038)",Unfall 66147 (2020) Kat:3, Licht: 0,66147,3,3,5,07,08,3,0,0,0,1,0,0
"POINT (9.728051987000072 52.336203273000081)",Unfall 66155 (2020) Kat:3, Licht: 0,66155,3,6,2,07,16,1,0,0,0,1,0,0
"POINT (10.032150162000050 52.523762635000082)",Unfall 66171 (2020) Kat:3, Licht: 0,66171,3,6,2,07,16,7,0,0,0,1,0,0
"POINT (9.543269584000029 52.421149360000072)",Unfall 66181 (2020) Kat:3, Licht: 2,66181,3,7,2,07,03,2,0,2,0,0,0,0
"POINT (9.748014816000023 52.523700861000066)",Unfall 66182 (2020) Kat:3, Licht: 0,66182,3,7,0,07,14,3,1,0,1,0,0,0
"POINT (9.729547391000040 52.620916093000062)",Unfall 66189 (2020) Kat:3, Licht: 0,66189,3,6,2,07,19,5,1,0,0,1,0,0
"POINT (9.735776077000026 52.399962121000044)",Unfall 66198 (2020) Kat:3, Licht: 0,66198,3,6,3,07,13,5,1,0,0,1,0,0
"POINT (9.732244607000041 52.383076747000075)",Unfall 66199 (2020) Kat:3, Licht: 0,66199,3,6,2,07,07,5,1,0,0,1,0,0
"POINT (9.728832802000056 52.373549967000031)",Unfall 66202 (2020) Kat:3, Licht: 0,66202,3,6,2,07,17,5,0,0,0,1,0,0
"POINT (9.740908066000031 52.301435016000028)",Unfall 66205 (2020) Kat:3, Licht: 0,66205,3,6,4,07,14,5,1,0,1,0,0,0
"POINT (10.087163903000032 52.395365646000073)",Unfall 66206 (2020) Kat:3, Licht: 2,66206,3,7,9,07,02,5,1,2,0,1,0,0
"POINT (9.699893371000030 52.552054432000034)",Unfall 66209 (2020) Kat:3, Licht: 0,66209,3,6,3,07,09,5,1,0,1,0,0,0
"POINT (9.784993731000043 52.320863920000079)",Unfall 66212 (2020) Kat:3, Licht: 0,66212,3,3,5,07,18,5,0,0,0,1,0,0
"POINT (9.800574276000077 52.455800506000060)",Unfall 66236 (2020) Kat:3, Licht: 0,66236,3,5,0,07,18,6,0,0,1,1,0,0
"POINT (9.636911525000073 52.577838921000080)",Unfall 66265 (2020) Kat:3, Licht: 1,66265,3,6,8,07,20,1,0,1,0,1,0,1
"POINT (9.435422669000047 52.330838495000080)",Unfall 66278 (2020) Kat:2, Licht: 0,66278,2,6,4,07,13,5,0,0,0,1,0,0
"POINT (9.750744721000046 52.359814360000030)",Unfall 66281 (2020) Kat:3, Licht: 0,66281,3,6,2,07,09,7,0,0,0,1,0,0
"POINT (9.482343754000056 52.268507426000042)",Unfall 66292 (2020) Kat:3, Licht: 0,66292,3,1,0,07,18,2,1,0,1,0,0,0
"POINT (9.751331755000024 52.369468788000063)",Unfall 66294 (2020) Kat:3, Licht: 0,66294,3,3,5,07,07,4,0,0,1,1,0,0
"POINT (9.752135190000047 52.358011325000064)",Unfall 66296 (2020) Kat:3, Licht: 0,66296,3,6,2,07,19,4,1,0,0,1,0,1
"POINT (9.783437180000021 52.323229306000030)",Unfall 66300 (2020) Kat:3, Licht: 0,66300,3,2,4,07,12,4,1,0,0,1,0,0
"POINT (9.736704531000044 52.368404681000072)",Unfall 66303 (2020) Kat:3, Licht: 0,66303,3,1,0,07,19,4,1,0,1,0,0,0
"POINT (9.826292056000057 52.341394397000045)",Unfall 66304 (2020) Kat:3, Licht: 0,66304,3,1,8,07,09,4,1,0,0,1,0,0
"POINT (9.711677482000027 52.221776830000067)",Unfall 66307 (2020) Kat:3, Licht: 0,66307,3,1,8,07,12,4,1,0,0,1,0,0
"POINT (9.552603797000074 52.440784588000042)",Unfall 66310 (2020) Kat:3, Licht: 0,66310,3,3,5,07,09,4,1,0,1,1,0,0
"POINT (9.968756610000071 52.330163839000079)",Unfall 66311 (2020) Kat:3, Licht: 0,66311,3,6,4,07,13,4,1,0,0,1,0,0
"POINT (9.929572247000067 52.342060882000055)",Unfall 66313 (2020) Kat:3, Licht: 0,66313,3,3,5,07,16,4,1,0,1,1,0,0
"POINT (10.019384725000066 52.384073082000043)",Unfall 66316 (2020) Kat:3, Licht: 0,66316,3,2,4,07,07,4,1,0,0,1,0,0
"POINT (9.722855968000033 52.461208908000060)",Unfall 66317 (2020) Kat:3, Licht: 0,66317,3,1,5,07,17,4,1,0,0,1,0,0
"POINT (9.769806339000070 52.580753431000062)",Unfall 66319 (2020) Kat:3, Licht: 0,66319,3,6,2,07,17,4,1,0,0,1,0,0
"POINT (9.574786593000056 52.281262233000064)",Unfall 66322 (2020) Kat:2, Licht: 0,66322,2,2,5,07,07,4,1,0,1,1,0,0
"POINT (9.889679168000043 52.423220043000072)",Unfall 66324 (2020) Kat:3, Licht: 2,66324,3,7,2,07,01,4,0,2,0,1,0,0
"POINT (9.733880801000055 52.384659254000042)",Unfall 66325 (2020) Kat:3, Licht: 0,66325,3,7,0,07,19,4,1,0,1,0,0,0
"POINT (9.770096347000049 52.342840500000079)",Unfall 66327 (2020) Kat:3, Licht: 0,66327,3,6,3,07,12,4,0,0,0,1,0,0
"POINT (9.421163431000025 52.443000693000045)",Unfall 66333 (2020) Kat:3, Licht: 1,66333,3,7,8,07,22,2,0,1,1,0,0,0
"POINT (9.642747370000052 52.296212667000077)",Unfall 66334 (2020) Kat:3, Licht: 0,66334,3,2,5,07,17,3,0,0,1,1,0,0
"POINT (9.796925143000067 52.455082565000055)",Unfall 66370 (2020) Kat:3, Licht: 0,66370,3,6,2,07,07,3,0,0,0,1,0,0
"POINT (9.725567422000040 52.322396875000038)",Unfall 66392 (2020) Kat:3, Licht: 0,66392,3,6,2,07,20,6,0,0,0,1,0,0
"POINT (9.472903626000061 52.420802711000078)",Unfall 66395 (2020) Kat:3, Licht: 0,66395,3,1,8,07,18,1,0,0,0,1,0,0
"POINT (9.857758137000076 52.481483005000030)",Unfall 66411 (2020) Kat:3, Licht: 0,66411,3,3,0,07,11,1,0,0,0,1,0,1
"POINT (9.568491187000063 52.303338632000077)",Unfall 66425 (2020) Kat:3, Licht: 0,66425,3,1,8,07,17,6,0,0,0,1,0,0
"POINT (9.766384858000038 52.343133560000069)",Unfall 66430 (2020) Kat:3, Licht: 0,66430,3,6,2,07,09,3,0,0,0,1,0,0
"POINT (9.709499446000052 52.168974002000027)",Unfall 66431 (2020) Kat:3, Licht: 0,66431,3,3,5,07,07,3,0,0,0,1,0,0
"POINT (9.573537115000022 52.272765540000080)",Unfall 66434 (2020) Kat:3, Licht: 0,66434,3,7,8,07,19,3,1,0,0,1,0,0
"POINT (9.538850334000074 52.271198536000043)",Unfall 66435 (2020) Kat:2, Licht: 0,66435,2,7,0,07,11,3,0,0,1,0,0,0
"POINT (9.488514011000063 52.309190098000045)",Unfall 66437 (2020) Kat:3, Licht: 0,66437,3,1,0,07,19,2,0,0,1,0,0,0
"POINT (9.466893705000075 52.332796186000053)",Unfall 66438 (2020) Kat:3, Licht: 0,66438,3,6,2,07,15,3,0,0,0,1,0,0
"POINT (9.862288605000060 52.489561613000035)",Unfall 66439 (2020) Kat:3, Licht: 0,66439,3,3,5,07,15,3,0,0,1,1,0,0
"POINT (9.783628146000069 52.359911604000047)",Unfall 66441 (2020) Kat:3, Licht: 0,66441,3,1,8,07,19,3,1,0,0,1,0,0
"POINT (9.735595219000061 52.403300654000077)",Unfall 66447 (2020) Kat:3, Licht: 0,66447,3,6,2,07,11,2,0,0,0,1,0,0
"POINT (9.465083077000031 52.409397430000070)",Unfall 66448 (2020) Kat:3, Licht: 0,66448,3,7,8,07,10,3,0,0,0,0,0,0
"POINT (9.469343401000060 52.421822932000055)",Unfall 66472 (2020) Kat:3, Licht: 0,66472,3,7,0,07,18,7,0,0,0,0,0,1
"POINT (9.722298494000029 52.454263360000027)",Unfall 66483 (2020) Kat:3, Licht: 0,66483,3,6,2,07,15,2,0,0,0,1,0,0