WKT,Name,OBJECTID,UKATEGORIE,UTYP1,UART,UMONAT,USTUNDE,UWOCHENTAG,STRZUSTAND,ULICHTVERH,ISTRAD,ISTPKW,ISTFUSS,ISTKRAD
"POINT (9.576333227000021 52.440244543000063)",Unfall 66484 (2020) Kat:3, Licht: 0,66484,3,2,6,07,17,3,0,0,0,0,1,1
"POINT (9.536808485000051 52.441953813000055)",Unfall 66539 (2020) Kat:3, Licht: 0,66539,3,3,5,07,18,6,0,0,1,1,0,0
"POINT (9.671139461000053 52.441096638000033)",Unfall 66542 (2020) Kat:3, Licht: 0,66542,3,1,0,07,12,1,0,0,1,0,0,0
"POINT (9.577657673000033 52.384042235000038)",Unfall 66557 (2020) Kat:3, Licht: 0,66557,3,1,4,07,12,2,1,0,0,1,0,1
"POINT (9.599555331000033 52.394490682000026)",Unfall 66560 (2020) Kat:3, Licht: 0,66560,3,5,1,07,19,2,1,0,0,1,0,0
"POINT (9.501829593000025 52.334741552000082)",Unfall 66561 (2020) Kat:3, Licht: 0,66561,3,3,5,07,13,2,0,0,0,1,0,0
"POINT (10.114243492000071 52.351466717000051)",Unfall 66563 (2020) Kat:3, Licht: 0,66563,3,2,2,07,13,2,1,0,0,1,0,1
"POINT (9.463503539000044 52.340351675000079)",Unfall 66566 (2020) Kat:3, Licht: 0,66566,3,1,9,07,17,1,0,0,0,0,0,1
"POINT (9.814963990000024 52.319271815000036)",Unfall 66567 (2020) Kat:3, Licht: 0,66567,3,6,2,07,13,2,1,0,0,1,0,0
"POINT (9.732300660000021 52.383368871000073)",Unfall 66570 (2020) Kat:3, Licht: 0,66570,3,2,5,07,11,2,1,0,1,0,0,0
"POINT (9.733925940000063 52.416435701000069)",Unfall 66579 (2020) Kat:3, Licht: 0,66579,3,2,5,07,18,5,0,0,1,1,0,0
"POINT (9.427381239000056 52.428860849000046)",Unfall 66593 (2020) Kat:3, Licht: 0,66593,3,2,5,07,12,2,0,0,1,1,0,0
"POINT (9.474255160000041 52.389270718000034)",Unfall 66596 (2020) Kat:3, Licht: 0,66596,3,3,5,07,14,4,0,0,0,1,0,0
"POINT (9.664117197000053 52.376962690000028)",Unfall 66600 (2020) Kat:3, Licht: 0,66600,3,1,8,07,11,1,0,0,1,0,0,0
"POINT (9.897834571000033 52.493906062000065)",Unfall 66628 (2020) Kat:3, Licht: 0,66628,3,3,5,07,18,3,0,0,1,1,0,0
"POINT (9.378106758000058 52.456223897000029)",Unfall 66635 (2020) Kat:3, Licht: 0,66635,3,2,2,07,17,2,0,0,0,1,0,0
"POINT (9.747340202000032 52.324075617000062)",Unfall 66636 (2020) Kat:3, Licht: 0,66636,3,2,5,07,07,3,0,0,1,1,0,0
"POINT (9.829584587000056 52.360941881000031)",Unfall 66640 (2020) Kat:2, Licht: 0,66640,2,7,0,07,08,1,1,0,1,1,0,0
"POINT (9.730925897000077 52.209967695000046)",Unfall 66643 (2020) Kat:3, Licht: 0,66643,3,1,8,07,15,1,0,0,0,0,0,1
"POINT (9.789822849000075 52.560011042000042)",Unfall 66644 (2020) Kat:3, Licht: 0,66644,3,6,2,07,14,1,0,0,0,1,0,0
"POINT (9.654450491000034 52.407899210000039)",Unfall 66658 (2020) Kat:3, Licht: 2,66658,3,6,2,07,23,7,0,2,0,1,0,0
"POINT (9.726517155000067 52.515219795000064)",Unfall 66710 (2020) Kat:3, Licht: 0,66710,3,6,2,07,11,1,0,0,0,1,0,0
"POINT (9.763145867000048 52.370588551000026)",Unfall 66715 (2020) Kat:3, Licht: 0,66715,3,6,2,07,16,6,1,0,0,1,0,0
"POINT (9.708415108000054 52.408982850000029)",Unfall 66724 (2020) Kat:3, Licht: 0,66724,3,3,5,07,16,6,1,0,1,1,0,0
"POINT (9.778503295000064 52.573899308000080)",Unfall 66725 (2020) Kat:3, Licht: 0,66725,3,6,2,07,18,6,0,0,0,1,0,0
"POINT (9.699718162000067 52.347639883000056)",Unfall 66731 (2020) Kat:3, Licht: 0,66731,3,6,2,07,12,7,0,0,0,1,0,0
"POINT (9.805870305000042 52.337091718000067)",Unfall 66733 (2020) Kat:2, Licht: 0,66733,2,6,2,07,10,7,0,0,0,0,0,1
"POINT (9.693194723000033 52.562399744000061)",Unfall 66736 (2020) Kat:3, Licht: 0,66736,3,1,8,07,11,2,0,0,0,1,0,0
"POINT (9.854622948000042 52.359026920000076)",Unfall 66741 (2020) Kat:3, Licht: 0,66741,3,2,5,07,18,6,0,0,0,1,0,1
"POINT (9.453452832000039 52.411786096000071)",Unfall 66746 (2020) Kat:3, Licht: 0,66746,3,6,2,07,11,3,0,0,0,1,0,0
"POINT (9.712870101000021 52.366808427000080)",Unfall 66749 (2020) Kat:3, Licht: 0,66749,3,1,0,07,12,6,1,0,1,0,0,1
"POINT (9.827281590000041 52.356048981000072)",Unfall 66768 (2020) Kat:3, Licht: 0,66768,3,2,3,07,09,7,0,0,1,1,0,0
"POINT (9.765825695000046 52.341497182000069)",Unfall 66774 (2020) Kat:3, Licht: 0,66774,3,6,2,07,14,6,1,0,0,1,0,1
"POINT (9.629531407000059 52.421710331000043)",Unfall 66778 (2020) Kat:3, Licht: 0,66778,3,6,3,07,12,7,0,0,0,1,0,0
"POINT (9.855837026000074 52.492414312000051)",Unfall 66779 (2020) Kat:3, Licht: 0,66779,3,3,5,07,13,2,0,0,1,1,0,0
"POINT (9.719835751000062 52.316478099000051)",Unfall 66780 (2020) Kat:3, Licht: 0,66780,3,6,4,07,13,3,0,0,1,0,0,0
"POINT (9.764621329000022 52.342586016000041)",Unfall 66796 (2020) Kat:3, Licht: 0,66796,3,2,2,07,05,6,1,0,0,1,0,0
"POINT (9.468354623000039 52.330684213000040)",Unfall 66797 (2020) Kat:3, Licht: 0,66797,3,6,2,07,07,6,0,0,0,1,0,0
"POINT (9.740021642000045 52.302084287000071)",Unfall 66801 (2020) Kat:3, Licht: 0,66801,3,2,2,07,13,6,0,0,0,1,0,0
"POINT (9.702144368000063 52.422598081000046)",Unfall 66803 (2020) Kat:3, Licht: 0,66803,3,6,2,07,13,6,0,0,0,1,0,0
"POINT (9.471747001000040 52.507801720000032)",Unfall 66807 (2020) Kat:3, Licht: 0,66807,3,6,0,07,06,6,0,0,0,1,0,0
"POINT (9.703164930000071 52.422860025000034)",Unfall 66814 (2020) Kat:3, Licht: 2,66814,3,6,0,08,21,6,0,2,0,1,0,1
"POINT (9.762611646000039 52.370557157000064)",Unfall 66815 (2020) Kat:3, Licht: 2,66815,3,6,2,08,00,7,0,2,0,1,0,0
"POINT (9.332030571000075 52.530782840000029)",Unfall 66823 (2020) Kat:3, Licht: 2,66823,3,1,8,08,22,2,0,2,0,1,0,0
"POINT (9.738393648000056 52.368111071000044)",Unfall 66827 (2020) Kat:3, Licht: 0,66827,3,6,6,08,17,4,0,0,1,0,1,0
"POINT (9.637599541000043 52.396628155000030)",Unfall 66829 (2020) Kat:3, Licht: 0,66829,3,3,5,07,09,6,0,0,0,1,0,0
"POINT (9.826069351000058 52.289496596000049)",Unfall 66831 (2020) Kat:3, Licht: 0,66831,3,3,5,07,20,4,0,0,1,1,0,0
"POINT (9.696115785000075 52.420193809000068)",Unfall 66837 (2020) Kat:3, Licht: 0,66837,3,6,2,07,15,4,0,0,0,1,0,0
"POINT (9.711782947000074 52.405064479000032)",Unfall 66851 (2020) Kat:3, Licht: 0,66851,3,3,5,07,08,2,0,0,1,1,0,0
"POINT (9.714390540000068 52.398809409000080)",Unfall 66855 (2020) Kat:3, Licht: 0,66855,3,2,3,07,12,2,0,0,1,1,0,0
"POINT (9.461085552000043 52.402856880000058)",Unfall 66860 (2020) Kat:3, Licht: 0,66860,3,3,5,07,09,2,0,0,1,1,0,0
"POINT (9.740023702000030 52.302082718000065)",Unfall 66861 (2020) Kat:3, Licht: 0,66861,3,7,0,07,16,2,1,0,0,1,1,0
"POINT (9.733179459000041 52.427585205000071)",Unfall 66865 (2020) Kat:3, Licht: 0,66865,3,6,2,07,14,2,0,0,0,1,0,1
"POINT (9.614216226000053 52.430507229000057)",Unfall 66866 (2020) Kat:3, Licht: 0,66866,3,3,5,07,18,4,0,0,1,1,0,0
"POINT (9.731750060000024 52.475668556000073)",Unfall 66867 (2020) Kat:3, Licht: 0,66867,3,3,5,07,09,2,0,0,0,1,0,0
"POINT (9.627835880000021 52.330123773000082)",Unfall 66871 (2020) Kat:3, Licht: 0,66871,3,3,5,07,05,5,0,0,1,1,0,0
"POINT (9.624820031000070 52.277536348000069)",Unfall 66872 (2020) Kat:2, Licht: 0,66872,2,1,4,07,15,2,1,0,0,1,0,0
"POINT (9.753031660000033 52.527030832000037)",Unfall 66873 (2020) Kat:3, Licht: 0,66873,3,5,1,07,19,4,0,0,0,1,0,0
"POINT (9.853748590000066 52.558339633000060)",Unfall 66891 (2020) Kat:3, Licht: 0,66891,3,6,2,07,15,4,0,0,0,1,0,0
"POINT (9.812602798000057 52.509857805000081)",Unfall 66905 (2020) Kat:3, Licht: 0,66905,3,6,3,08,11,3,0,0,0,1,0,0
"POINT (9.861429333000046 52.358379155000080)",Unfall 66923 (2020) Kat:2, Licht: 0,66923,2,4,6,08,11,1,0,0,0,1,1,0
"POINT (9.456479514000023 52.504957972000057)",Unfall 66938 (2020) Kat:3, Licht: 0,66938,3,7,0,08,14,2,0,0,1,0,0,0
"POINT (9.723226355000065 52.459226664000028)",Unfall 66942 (2020) Kat:3, Licht: 2,66942,3,6,2,08,23,4,0,2,0,1,0,0
"POINT (9.728768739000032 52.494963099000074)",Unfall 66953 (2020) Kat:3, Licht: 0,66953,3,2,5,08,18,5,0,0,1,1,0,0
"POINT (10.074661611000067 52.367359027000077)",Unfall 66959 (2020) Kat:3, Licht: 0,66959,3,6,3,08,13,1,0,0,0,1,0,0
"POINT (9.617953841000031 52.330102759000056)",Unfall 66962 (2020) Kat:3, Licht: 0,66962,3,1,0,07,18,1,0,0,1,0,0,0
"POINT (9.956364849000067 52.390539932000081)",Unfall 66964 (2020) Kat:2, Licht: 2,66964,2,7,8,07,23,1,0,2,0,1,0,0
"POINT (9.420128039000076 52.424844702000030)",Unfall 66966 (2020) Kat:3, Licht: 0,66966,3,7,0,08,10,6,0,0,1,0,0,0
"POINT (9.749896926000076 52.319314922000046)",Unfall 66967 (2020) Kat:3, Licht: 0,66967,3,6,0,08,17,7,1,0,0,1,0,1
"POINT (9.683182119000037 52.429604977000054)",Unfall 66969 (2020) Kat:3, Licht: 0,66969,3,6,2,07,19,1,0,0,0,1,0,0
"POINT (9.434599532000050 52.442944507000050)",Unfall 66970 (2020) Kat:2, Licht: 0,66970,2,2,5,07,12,1,0,0,0,1,0,1
"POINT (9.718456706000040 52.367259948000026)",Unfall 66971 (2020) Kat:3, Licht: 0,66971,3,7,0,07,16,1,0,0,1,0,0,0
"POINT (9.735843146000036 52.399361991000035)",Unfall 66976 (2020) Kat:3, Licht: 0,66976,3,4,6,07,19,1,0,0,0,1,1,0
"POINT (9.718024806000074 52.394905828000049)",Unfall 66977 (2020) Kat:3, Licht: 2,66977,3,7,0,07,00,1,1,2,1,0,0,0
"POINT (9.736738628000069 52.466257067000072)",Unfall 66981 (2020) Kat:3, Licht: 0,66981,3,5,3,07,11,6,0,0,0,1,0,0
"POINT (9.295182998000030 52.492677996000054)",Unfall 67003 (2020) Kat:3, Licht: 0,67003,3,3,5,08,14,6,0,0,0,1,0,0
"POINT (9.772590689000026 52.578504206000048)",Unfall 67004 (2020) Kat:3, Licht: 0,67004,3,6,2,08,10,7,0,0,0,1,0,0
"POINT (9.612086864000048 52.437229642000034)",Unfall 67024 (2020) Kat:3, Licht: 0,67024,3,7,5,08,19,3,0,0,0,1,0,0
"POINT (9.858414929000048 52.509234263000053)",Unfall 67025 (2020) Kat:3, Licht: 0,67025,3,2,5,07,15,5,0,0,0,1,0,0
"POINT (9.724003497000069 52.391058160000057)",Unfall 67047 (2020) Kat:3, Licht: 0,67047,3,2,3,07,11,7,0,0,1,0,0,0
"POINT (9.615055518000077 52.388781864000066)",Unfall 67049 (2020) Kat:3, Licht: 1,67049,3,6,2,07,20,7,0,1,0,1,0,0
"POINT (9.416618612000036 52.326225929000032)",Unfall 67050 (2020) Kat:3, Licht: 0,67050,3,2,4,07,16,7,0,0,0,1,0,1
"POINT (9.988791442000036 52.445181665000064)",Unfall 67054 (2020) Kat:3, Licht: 0,67054,3,6,2,07,12,7,0,0,0,1,0,0
"POINT (9.711857874000032 52.429420243000038)",Unfall 67056 (2020) Kat:3, Licht: 0,67056,3,6,2,07,17,7,0,0,0,1,0,0
"POINT (9.693074633000038 52.381866123000066)",Unfall 67059 (2020) Kat:3, Licht: 2,67059,3,1,8,08,22,3,0,2,0,1,0,0
"POINT (9.899186055000030 52.385681648000059)",Unfall 67061 (2020) Kat:3, Licht: 0,67061,3,6,2,07,14,7,0,0,0,1,0,0
"POINT (9.763109709000048 52.427104860000043)",Unfall 67062 (2020) Kat:3, Licht: 0,67062,3,7,8,07,06,7,0,0,0,0,0,0
"POINT (9.907601708000072 52.281469141000059)",Unfall 67068 (2020) Kat:3, Licht: 1,67068,3,6,2,07,05,7,0,1,0,1,0,0
"POINT (9.751894401000072 52.594399252000073)",Unfall 67077 (2020) Kat:3, Licht: 0,67077,3,7,3,08,15,1,0,0,0,1,0,0
"POINT (9.647545871000034 52.413380444000040)",Unfall 67084 (2020) Kat:3, Licht: 0,67084,3,6,3,08,19,6,0,0,0,1,0,1
"POINT (9.750767036000070 52.359785228000078)",Unfall 67085 (2020) Kat:3, Licht: 0,67085,3,6,2,08,14,7,1,0,0,1,0,0
"POINT (9.721432514000071 52.368285394000054)",Unfall 67108 (2020) Kat:3, Licht: 0,67108,3,6,4,08,20,5,0,0,1,0,0,0
"POINT (9.523258586000054 52.461304898000037)",Unfall 67121 (2020) Kat:3, Licht: 1,67121,3,1,0,08,21,6,0,1,0,0,0,1
"POINT (9.765363182000044 52.551941682000063)",Unfall 67122 (2020) Kat:3, Licht: 0,67122,3,2,2,08,11,7,0,0,0,1,0,0
"POINT (9.998180166000054 52.448923659000059)",Unfall 67141 (2020) Kat:3, Licht: 0,67141,3,1,0,08,17,2,0,0,1,0,0,0
"POINT (9.788221612000029 52.318357583000079)",Unfall 67145 (2020) Kat:3, Licht: 2,67145,3,3,5,08,22,4,0,2,1,1,0,0
"POINT (9.714840566000021 52.361130489000061)",Unfall 67147 (2020) Kat:3, Licht: 0,67147,3,2,3,07,11,6,0,0,0,1,0,1
"POINT (9.690334524000036 52.374769445000027)",Unfall 67157 (2020) Kat:3, Licht: 0,67157,3,2,5,08,20,6,0,0,1,1,0,0
"POINT (9.711450441000068 52.405450970000061)",Unfall 67176 (2020) Kat:3, Licht: 0,67176,3,6,3,07,15,6,0,0,0,1,0,1
"POINT (9.860437887000046 52.517406195000035)",Unfall 67179 (2020) Kat:3, Licht: 0,67179,3,3,5,08,14,3,0,0,0,1,0,0
"POINT (9.760925637000071 52.521346015000063)",Unfall 67184 (2020) Kat:3, Licht: 0,67184,3,7,8,07,16,6,0,0,0,1,0,0
"POINT (10.095496365000031 52.482952237000063)",Unfall 67186 (2020) Kat:3, Licht: 0,67186,3,7,0,07,15,6,0,0,1,0,0,0
"POINT (9.724970963000033 52.376741885000058)",Unfall 67190 (2020) Kat:3, Licht: 0,67190,3,3,5,07,16,5,0,0,0,1,0,0
"POINT (10.049961405000033 52.374022050000065)",Unfall 67191 (2020) Kat:3, Licht: 0,67191,3,6,2,07,19,6,0,0,0,1,0,0
"POINT (9.859845095000026 52.458194890000073)",Unfall 67193 (2020) Kat:2, Licht: 1,67193,2,7,9,07,06,6,0,1,0,1,0,0
"POINT (9.794581762000064 52.312913214000048)",Unfall 67197 (2020) Kat:2, Licht: 0,67197,2,7,0,07,18,6,0,0,1,0,0,0
"POINT (9.634677655000075 52.246851397000057)",Unfall 67198 (2020) Kat:3, Licht: 0,67198,3,7,8,07,14,6,0,0,0,1,0,0
"POINT (9.528865772000074 52.188485969000055)",Unfall 67259 (2020) Kat:3, Licht: 0,67259,3,3,5,08,15,2,0,0,1,0,0,1
"POINT (9.626494884000067 52.330031299000041)",Unfall 67263 (2020) Kat:3, Licht: 0,67263,3,3,5,08,09,4,0,0,0,1,0,0
"POINT (9.733847687000036 52.469657533000031)",Unfall 67274 (2020) Kat:3, Licht: 1,67274,3,3,5,08,21,5,0,1,1,1,0,0
"POINT (9.758500823000077 52.427065121000055)",Unfall 67280 (2020) Kat:2, Licht: 0,67280,2,7,8,08,15,1,0,0,0,1,0,0
"POINT (9.726344914000038 52.366155270000036)",Unfall 67287 (2020) Kat:3, Licht: 0,67287,3,6,2,08,14,6,0,0,0,1,0,0
"POINT (9.714986994000071 52.346384255000032)",Unfall 67288 (2020) Kat:3, Licht: 0,67288,3,6,2,08,10,7,0,0,0,1,0,0
"POINT (9.785881419000077 52.555349944000056)",Unfall 67302 (2020) Kat:3, Licht: 0,67302,3,6,2,07,17,6,0,0,0,1,0,0
"POINT (9.629138394000051 52.330363098000078)",Unfall 67316 (2020) Kat:3, Licht: 0,67316,3,6,2,07,16,5,0,0,0,1,0,0
"POINT (9.401695387000075 52.454348835000076)",Unfall 67319 (2020) Kat:2, Licht: 0,67319,2,2,5,07,20,5,0,0,0,1,0,1
"POINT (9.791314634000059 52.315332338000076)",Unfall 67323 (2020) Kat:3, Licht: 0,67323,3,2,4,07,14,3,0,0,0,1,0,0
"POINT (9.793483040000069 52.553643102000080)",Unfall 67324 (2020) Kat:1, Licht: 0,67324,1,6,2,07,13,5,0,0,0,1,0,0
"POINT (9.735641792000024 52.402999885000042)",Unfall 67325 (2020) Kat:3, Licht: 0,67325,3,6,2,08,13,6,0,0,0,1,0,0
"POINT (9.737852329000077 52.610275508000029)",Unfall 67326 (2020) Kat:3, Licht: 0,67326,3,6,2,08,11,7,0,0,0,1,0,0
"POINT (9.698374430000058 52.376947110000060)",Unfall 67328 (2020) Kat:3, Licht: 0,67328,3,6,2,07,10,5,0,0,0,1,0,0
"POINT (9.500183007000032 52.575719260000028)",Unfall 67329 (2020) Kat:3, Licht: 0,67329,3,6,2,07,17,5,0,0,1,0,0,0
"POINT (9.751718393000033 52.369560424000042)",Unfall 67330 (2020) Kat:2, Licht: 0,67330,2,2,0,07,09,5,0,0,0,1,0,1
"POINT (9.735748800000067 52.400176402000056)",Unfall 67341 (2020) Kat:3, Licht: 0,67341,3,6,2,07,07,3,0,0,0,1,0,0
"POINT (9.716440405000071 52.357905480000056)",Unfall 67345 (2020) Kat:3, Licht: 0,67345,3,3,5,08,13,3,0,0,0,1,0,1
"POINT (9.723011665000058 52.440218047000030)",Unfall 67346 (2020) Kat:3, Licht: 0,67346,3,6,3,07,18,5,0,0,0,1,0,0
"POINT (9.788898713000037 52.421553042000028)",Unfall 67348 (2020) Kat:3, Licht: 0,67348,3,6,0,07,13,3,0,0,0,1,0,0
"POINT (9.515029730000038 52.288009672000044)",Unfall 67367 (2020) Kat:3, Licht: 0,67367,3,6,2,07,19,3,0,0,0,1,0,0
"POINT (9.765523936000022 52.430291570000065)",Unfall 67376 (2020) Kat:3, Licht: 0,67376,3,3,5,07,16,3,0,0,1,1,0,0
"POINT (9.643439641000043 52.335036199000058)",Unfall 67380 (2020) Kat:1, Licht: 0,67380,1,3,5,08,08,3,0,0,1,1,0,0
"POINT (9.816330597000047 52.289016069000070)",Unfall 67406 (2020) Kat:3, Licht: 0,67406,3,6,2,08,14,6,0,0,0,1,0,0
"POINT (9.670784371000025 52.441330432000029)",Unfall 67428 (2020) Kat:3, Licht: 0,67428,3,6,2,08,07,5,0,0,0,1,0,0
"POINT (10.020734816000072 52.382761801000072)",Unfall 67434 (2020) Kat:3, Licht: 1,67434,3,1,9,08,04,1,1,1,0,1,0,0
"POINT (9.563855844000045 52.364717111000061)",Unfall 67441 (2020) Kat:3, Licht: 0,67441,3,3,5,08,10,6,0,0,0,1,0,0
"POINT (9.413544654000077 52.329501119000042)",Unfall 67442 (2020) Kat:3, Licht: 0,67442,3,7,0,08,20,7,0,0,1,0,0,0
"POINT (9.836995360000060 52.277060871000060)",Unfall 67445 (2020) Kat:2, Licht: 0,67445,2,1,0,07,16,4,0,0,1,0,0,0
"POINT (9.611254837000047 52.392048893000037)",Unfall 67446 (2020) Kat:3, Licht: 0,67446,3,3,5,07,07,4,0,0,1,1,0,0
"POINT (9.567063544000064 52.421846730000027)",Unfall 67451 (2020) Kat:3, Licht: 0,67451,3,6,2,07,15,4,0,0,0,1,0,0
"POINT (9.760799426000062 52.587044820000074)",Unfall 67452 (2020) Kat:2, Licht: 0,67452,2,6,2,07,10,4,0,0,0,1,0,0
"POINT (9.772361003000071 52.578937332000066)",Unfall 67456 (2020) Kat:3, Licht: 0,67456,3,6,2,07,09,4,0,0,0,1,0,0
"POINT (9.721650547000024 52.362144946000058)",Unfall 67458 (2020) Kat:3, Licht: 1,67458,3,7,0,07,20,4,0,1,0,0,1,0
"POINT (9.733722789000069 52.586256434000063)",Unfall 67461 (2020) Kat:3, Licht: 0,67461,3,2,6,08,13,2,0,0,0,0,1,0
"POINT (9.716675275000057 52.396966357000053)",Unfall 67462 (2020) Kat:3, Licht: 0,67462,3,1,0,07,19,4,0,0,0,0,0,1
"POINT (10.002494524000042 52.386574883000037)",Unfall 67465 (2020) Kat:3, Licht: 0,67465,3,6,2,08,18,4,0,0,0,1,0,0
"POINT (9.556371468000066 52.569134965000046)",Unfall 67478 (2020) Kat:2, Licht: 0,67478,2,1,8,08,17,6,0,0,0,0,0,1
"POINT (9.914743600000065 52.340211127000032)",Unfall 67499 (2020) Kat:3, Licht: 0,67499,3,5,0,08,08,3,0,0,0,1,0,0
"POINT (9.356612810000058 52.446538890000056)",Unfall 67544 (2020) Kat:3, Licht: 0,67544,3,3,5,08,13,5,0,0,1,0,0,0
"POINT (9.762878821000072 52.426954918000035)",Unfall 67550 (2020) Kat:3, Licht: 0,67550,3,6,2,08,15,1,0,0,0,1,0,0
"POINT (9.712528225000028 52.366743301000042)",Unfall 67572 (2020) Kat:3, Licht: 0,67572,3,6,3,07,13,3,0,0,1,0,0,0
"POINT (9.708845788000076 52.366050863000055)",Unfall 67574 (2020) Kat:3, Licht: 0,67574,3,3,5,07,14,3,0,0,0,1,0,0
"POINT (9.830991119000032 52.399262925000073)",Unfall 67577 (2020) Kat:3, Licht: 0,67577,3,6,2,08,14,2,0,0,0,1,0,0
"POINT (9.756041280000034 52.312322430000052)",Unfall 67578 (2020) Kat:3, Licht: 0,67578,3,1,0,07,16,3,0,0,1,1,0,0
"POINT (9.576028823000058 52.269329753000079)",Unfall 67579 (2020) Kat:3, Licht: 0,67579,3,7,0,07,16,3,0,0,1,0,0,0
"POINT (9.735381682000025 52.402549181000040)",Unfall 67581 (2020) Kat:3, Licht: 0,67581,3,2,5,08,16,4,0,0,1,1,0,0
"POINT (9.534622340000055 52.340262546000076)",Unfall 67584 (2020) Kat:1, Licht: 0,67584,1,6,4,07,16,3,0,0,0,1,0,0
"POINT (9.754389611000022 52.592129694000050)",Unfall 67586 (2020) Kat:3, Licht: 0,67586,3,6,2,07,11,3,0,0,0,1,0,0
"POINT (9.656124891000047 52.171176340000045)",Unfall 67587 (2020) Kat:2, Licht: 0,67587,2,3,5,07,06,3,0,0,0,1,0,1
"POINT (9.673725398000045 52.438181334000035)",Unfall 67594 (2020) Kat:3, Licht: 0,67594,3,6,2,08,15,6,0,0,0,1,0,0
"POINT (9.759742311000025 52.452951439000060)",Unfall 67595 (2020) Kat:3, Licht: 2,67595,3,2,4,08,21,7,1,2,0,1,0,0
"POINT (9.468617764000044 52.426634743000079)",Unfall 67603 (2020) Kat:3, Licht: 0,67603,3,4,6,08,12,1,0,0,1,0,1,0
"POINT (9.720162342000037 52.391789143000040)",Unfall 67617 (2020) Kat:3, Licht: 2,67617,3,3,5,08,21,5,0,2,1,1,0,0
"POINT (9.583329445000061 52.261206092000066)",Unfall 67621 (2020) Kat:3, Licht: 0,67621,3,1,0,08,14,1,1,0,1,0,0,0
"POINT (9.823036764000051 52.362416349000057)",Unfall 67624 (2020) Kat:3, Licht: 0,67624,3,5,1,08,12,2,1,0,0,1,0,0
"POINT (9.725107177000041 52.562680045000036)",Unfall 67627 (2020) Kat:3, Licht: 0,67627,3,6,2,08,11,1,0,0,0,1,0,0
"POINT (9.511368172000061 52.290129178000029)",Unfall 67630 (2020) Kat:3, Licht: 2,67630,3,1,4,08,20,4,1,2,0,1,0,0
"POINT (9.734785323000040 52.390591281000070)",Unfall 67632 (2020) Kat:3, Licht: 0,67632,3,5,3,08,09,6,0,0,0,1,0,0
"POINT (9.653191885000069 52.449682461000066)",Unfall 67635 (2020) Kat:2, Licht: 0,67635,2,7,8,08,09,1,0,0,1,0,0,0
"POINT (9.720194802000037 52.368050205000031)",Unfall 67650 (2020) Kat:2, Licht: 0,67650,2,6,4,08,07,5,0,0,1,0,0,0
"POINT (9.839486627000042 52.387606762000075)",Unfall 67651 (2020) Kat:2, Licht: 0,67651,2,1,0,08,15,6,0,0,1,0,0,0
"POINT (9.833407970000053 52.419270730000051)",Unfall 67652 (2020) Kat:3, Licht: 0,67652,3,6,2,08,14,6,0,0,0,1,0,0
"POINT (9.799948501000074 52.407268812000041)",Unfall 67658 (2020) Kat:3, Licht: 0,67658,3,7,0,08,13,2,0,0,1,0,0,0
"POINT (9.466673605000040 52.460461192000082)",Unfall 67659 (2020) Kat:3, Licht: 0,67659,3,6,4,08,16,6,0,0,0,1,0,0
"POINT (9.737162441000066 52.465645261000077)",Unfall 67664 (2020) Kat:3, Licht: 0,67664,3,6,2,08,17,5,0,0,0,1,0,0
"POINT (9.486898881000059 52.466758961000039)",Unfall 67665 (2020) Kat:3, Licht: 0,67665,3,6,4,08,16,6,0,0,0,1,0,0
"POINT (9.743200104000039 52.547438891000070)",Unfall 67666 (2020) Kat:3, Licht: 0,67666,3,3,5,08,18,6,1,0,0,1,0,0
"POINT (9.917476896000039 52.512094772000069)",Unfall 67672 (2020) Kat:2, Licht: 0,67672,2,5,1,08,12,6,0,0,0,1,0,0
"POINT (9.727974199000073 52.243093054000042)",Unfall 67673 (2020) Kat:3, Licht: 0,67673,3,7,8,08,17,1,0,0,0,1,0,0
"POINT (9.728448432000050 52.368009432000065)",Unfall 67674 (2020) Kat:3, Licht: 0,67674,3,3,5,08,07,6,0,0,1,1,0,0
"POINT (9.841567252000061 52.410279507000041)",Unfall 67676 (2020) Kat:3, Licht: 0,67676,3,6,2,08,15,4,0,0,0,1,0,0
"POINT (9.774712267000041 52.577205733000028)",Unfall 67678 (2020) Kat:3, Licht: 0,67678,3,7,3,08,14,6,0,0,0,1,0,0
"POINT (9.647551587000066 52.397019336000028)",Unfall 67680 (2020) Kat:3, Licht: 0,67680,3,4,6,08,15,1,1,0,0,1,1,0
"POINT (9.491900738000027 52.415947590000030)",Unfall 67682 (2020) Kat:3, Licht: 2,67682,3,6,2,08,21,1,1,2,0,1,0,0