WKT,Name,OBJECTID,UKATEGORIE,UTYP1,UART,UMONAT,USTUNDE,UWOCHENTAG,STRZUSTAND,ULICHTVERH,ISTRAD,ISTPKW,ISTFUSS,ISTKRAD
"POINT (9.719996468000034 52.368021819000035)",Unfall 67683 (2020) Kat:3, Licht: 0,67683,3,3,5,08,14,3,0,0,1,0,0,0
"POINT (9.735614965000025 52.394774102000042)",Unfall 67704 (2020) Kat:3, Licht: 0,67704,3,3,5,08,15,1,1,0,1,0,0,0
"POINT (9.514014088000067 52.325695918000065)",Unfall 67719 (2020) Kat:3, Licht: 0,67719,3,2,2,08,17,6,0,0,1,1,0,0
"POINT (9.965918129000045 52.315586964000033)",Unfall 67726 (2020) Kat:3, Licht: 1,67726,3,7,0,08,21,3,0,1,1,0,0,0
"POINT (9.790803308000022 52.349400790000061)",Unfall 67758 (2020) Kat:2, Licht: 0,67758,2,1,9,08,18,1,0,0,0,0,0,1
"POINT (9.735842773000059 52.399366890000067)",Unfall 67760 (2020) Kat:3, Licht: 0,67760,3,3,5,08,17,3,1,0,1,1,0,0
"POINT (9.802060319000077 52.336704724000072)",Unfall 67767 (2020) Kat:3, Licht: 2,67767,3,1,0,08,04,7,0,2,1,0,0,0
"POINT (9.735281998000062 52.394652996000048)",Unfall 67768 (2020) Kat:3, Licht: 0,67768,3,2,2,08,15,2,1,0,0,1,0,0
"POINT (9.726458763000039 52.594526645000030)",Unfall 67780 (2020) Kat:3, Licht: 0,67780,3,2,2,08,13,7,0,0,0,1,0,0
"POINT (9.662048868000056 52.314857835000055)",Unfall 67781 (2020) Kat:3, Licht: 0,67781,3,5,1,08,19,7,0,0,0,1,0,0
"POINT (9.689762968000025 52.386431006000066)",Unfall 67786 (2020) Kat:3, Licht: 0,67786,3,6,2,08,14,5,0,0,0,1,0,0
"POINT (9.719607440000061 52.367521219000082)",Unfall 67792 (2020) Kat:3, Licht: 0,67792,3,2,2,08,16,5,0,0,0,1,0,0
"POINT (9.719348144000037 52.367424560000075)",Unfall 67794 (2020) Kat:3, Licht: 0,67794,3,1,0,08,15,5,0,0,1,0,0,0
"POINT (9.670721872000058 52.238940966000030)",Unfall 67801 (2020) Kat:3, Licht: 0,67801,3,3,5,08,18,5,0,0,1,1,0,0
"POINT (9.740631533000055 52.299381125000082)",Unfall 67802 (2020) Kat:3, Licht: 0,67802,3,6,2,08,14,5,0,0,0,1,0,1
"POINT (9.768166196000038 52.300523899000041)",Unfall 67803 (2020) Kat:3, Licht: 0,67803,3,7,0,08,15,5,0,0,1,0,0,0
"POINT (9.791577495000070 52.224841523000066)",Unfall 67808 (2020) Kat:3, Licht: 0,67808,3,1,0,08,17,5,0,0,1,0,0,0
"POINT (9.471416758000032 52.508459950000031)",Unfall 67809 (2020) Kat:3, Licht: 0,67809,3,6,2,08,10,5,0,0,0,1,0,0
"POINT (9.969486894000056 52.373145371000078)",Unfall 67810 (2020) Kat:3, Licht: 0,67810,3,1,0,08,18,5,0,0,1,0,0,0
"POINT (9.889463719000048 52.295435176000069)",Unfall 67815 (2020) Kat:3, Licht: 0,67815,3,6,0,08,06,2,0,0,0,1,0,0
"POINT (10.014332327000034 52.440568197000061)",Unfall 67817 (2020) Kat:2, Licht: 0,67817,2,1,8,08,11,5,0,0,1,0,0,0
"POINT (9.727209044000063 52.381181801000082)",Unfall 67819 (2020) Kat:1, Licht: 0,67819,1,3,5,08,15,5,0,0,1,1,0,0
"POINT (9.706487926000023 52.278604240000050)",Unfall 67820 (2020) Kat:3, Licht: 0,67820,3,5,1,08,08,4,0,0,0,1,0,0
"POINT (9.958059569000056 52.318268577000026)",Unfall 67821 (2020) Kat:3, Licht: 0,67821,3,4,6,08,16,4,0,0,0,1,1,0
"POINT (9.761381089000054 52.274071753000044)",Unfall 67823 (2020) Kat:3, Licht: 0,67823,3,3,5,08,08,6,0,0,0,1,0,1
"POINT (9.935651722000046 52.393154274000040)",Unfall 67825 (2020) Kat:3, Licht: 0,67825,3,6,3,08,14,5,0,0,0,1,0,0
"POINT (9.678156238000042 52.365743758000065)",Unfall 67835 (2020) Kat:3, Licht: 1,67835,3,3,5,08,18,4,1,1,0,1,0,0
"POINT (9.398148267000067 52.429483839000056)",Unfall 67855 (2020) Kat:2, Licht: 0,67855,2,3,5,08,18,5,0,0,1,1,0,0
"POINT (10.136618120000037 52.362568763000070)",Unfall 67859 (2020) Kat:3, Licht: 0,67859,3,6,2,08,08,7,0,0,0,1,0,0
"POINT (9.827115540000023 52.344053823000081)",Unfall 67867 (2020) Kat:3, Licht: 0,67867,3,2,5,08,09,4,1,0,1,1,0,0
"POINT (9.620742795000069 52.465358252000044)",Unfall 67873 (2020) Kat:3, Licht: 0,67873,3,1,0,08,11,1,0,0,0,0,0,1
"POINT (9.419053596000026 52.429265296000040)",Unfall 67874 (2020) Kat:3, Licht: 0,67874,3,2,5,08,11,3,0,0,1,1,0,0
"POINT (9.749824955000065 52.369267566000076)",Unfall 67880 (2020) Kat:3, Licht: 0,67880,3,3,5,08,16,5,0,0,1,0,0,0
"POINT (9.302784812000027 52.501141218000043)",Unfall 67906 (2020) Kat:3, Licht: 2,67906,3,1,9,08,21,2,1,2,0,1,0,0
"POINT (10.130439402000036 52.398083374000066)",Unfall 67912 (2020) Kat:3, Licht: 0,67912,3,2,5,08,15,6,0,0,0,1,0,0
"POINT (9.456866283000068 52.499681686000031)",Unfall 67914 (2020) Kat:3, Licht: 0,67914,3,2,5,08,08,4,0,0,1,1,0,0
"POINT (9.502588745000026 52.289416178000067)",Unfall 67915 (2020) Kat:3, Licht: 0,67915,3,3,5,08,09,4,0,0,0,1,0,0
"POINT (9.456085087000076 52.375235536000048)",Unfall 67917 (2020) Kat:3, Licht: 2,67917,3,6,3,08,22,4,0,2,0,1,0,0
"POINT (9.778788797000061 52.367786416000058)",Unfall 67919 (2020) Kat:3, Licht: 1,67919,3,6,2,08,19,3,0,1,0,1,0,0
"POINT (9.775523935000024 52.576463912000065)",Unfall 67923 (2020) Kat:3, Licht: 0,67923,3,6,2,08,17,4,0,0,0,1,0,0
"POINT (9.586989152000058 52.415917960000058)",Unfall 67924 (2020) Kat:3, Licht: 0,67924,3,2,5,08,15,4,0,0,0,1,0,0
"POINT (9.430124683000031 52.424886272000037)",Unfall 67926 (2020) Kat:3, Licht: 0,67926,3,6,2,08,14,7,0,0,0,1,0,0
"POINT (9.606984485000055 52.432787265000059)",Unfall 67930 (2020) Kat:3, Licht: 0,67930,3,6,2,08,11,4,0,0,0,1,0,0
"POINT (9.863591795000048 52.358648692000031)",Unfall 67931 (2020) Kat:2, Licht: 0,67931,2,7,0,08,09,4,0,0,1,0,0,0
"POINT (9.732097788000033 52.383377756000073)",Unfall 67964 (2020) Kat:3, Licht: 0,67964,3,2,5,08,12,3,0,0,1,1,0,0
"POINT (9.733827877000067 52.469692376000069)",Unfall 67965 (2020) Kat:3, Licht: 0,67965,3,3,5,08,07,5,0,0,1,1,0,0
"POINT (9.860614498000075 52.494387499000027)",Unfall 67971 (2020) Kat:3, Licht: 0,67971,3,2,2,08,11,7,0,0,0,1,0,0
"POINT (9.959352966000040 52.317640800000049)",Unfall 67972 (2020) Kat:3, Licht: 0,67972,3,3,5,08,13,7,0,0,0,1,0,0
"POINT (9.507323183000040 52.549840356000061)",Unfall 68000 (2020) Kat:3, Licht: 0,68000,3,7,0,08,14,5,0,0,0,0,0,1
"POINT (9.712517602000048 52.366741426000033)",Unfall 68021 (2020) Kat:3, Licht: 0,68021,3,1,0,08,16,2,1,0,1,0,0,0
"POINT (9.703874120000023 52.281885184000032)",Unfall 68027 (2020) Kat:3, Licht: 0,68027,3,5,5,08,09,4,1,0,0,1,0,1
"POINT (9.856415249000065 52.358753686000057)",Unfall 68048 (2020) Kat:3, Licht: 0,68048,3,2,5,08,17,5,0,0,1,0,0,0
"POINT (9.719427320000023 52.346052030000067)",Unfall 68056 (2020) Kat:3, Licht: 2,68056,3,7,0,08,04,2,1,2,0,0,0,1
"POINT (9.734481811000023 52.388564772000052)",Unfall 68062 (2020) Kat:3, Licht: 0,68062,3,6,6,08,15,6,0,0,1,0,1,0
"POINT (10.124504255000033 52.457675843000061)",Unfall 68072 (2020) Kat:3, Licht: 2,68072,3,1,9,08,22,4,1,2,0,1,0,0
"POINT (9.472764112000050 52.301551258000075)",Unfall 68074 (2020) Kat:3, Licht: 0,68074,3,6,2,08,09,6,0,0,0,1,0,0
"POINT (9.719327397000029 52.349319871000034)",Unfall 68079 (2020) Kat:3, Licht: 0,68079,3,3,5,08,16,1,0,0,0,1,0,0
"POINT (9.744644532000052 52.338701096000079)",Unfall 68085 (2020) Kat:3, Licht: 0,68085,3,6,2,08,15,3,0,0,0,1,0,0
"POINT (9.670668293000063 52.358342297000036)",Unfall 68087 (2020) Kat:3, Licht: 0,68087,3,2,4,08,16,3,0,0,1,1,0,0
"POINT (9.567343026000060 52.422932338000066)",Unfall 68092 (2020) Kat:3, Licht: 0,68092,3,7,9,08,14,3,0,0,0,1,0,0
"POINT (10.170955375000062 52.410276611000029)",Unfall 68094 (2020) Kat:3, Licht: 0,68094,3,6,2,08,14,3,0,0,0,1,0,0
"POINT (9.768767751000041 52.338129510000044)",Unfall 68095 (2020) Kat:3, Licht: 1,68095,3,2,0,08,20,3,0,1,0,1,0,1
"POINT (9.710339806000036 52.431692451000060)",Unfall 68100 (2020) Kat:3, Licht: 0,68100,3,6,2,08,17,2,1,0,0,1,0,0
"POINT (9.735597135000035 52.394685435000042)",Unfall 68101 (2020) Kat:3, Licht: 0,68101,3,3,5,08,16,3,0,0,0,1,0,0
"POINT (9.679533547000062 52.359477625000068)",Unfall 68107 (2020) Kat:3, Licht: 0,68107,3,1,0,08,17,6,0,0,1,0,0,0
"POINT (9.668595742000036 52.344708212000057)",Unfall 68126 (2020) Kat:3, Licht: 2,68126,3,7,0,08,01,3,1,2,1,0,0,0
"POINT (9.806020906000072 52.336599223000064)",Unfall 68160 (2020) Kat:3, Licht: 2,68160,3,1,8,08,23,1,1,2,0,1,0,0
"POINT (9.723079713000061 52.439992599000050)",Unfall 68162 (2020) Kat:3, Licht: 0,68162,3,1,9,08,15,3,0,0,0,0,0,1
"POINT (10.060139903000049 52.505157007000037)",Unfall 68163 (2020) Kat:3, Licht: 0,68163,3,1,8,08,17,5,0,0,0,0,0,1
"POINT (9.461066507000055 52.402878985000029)",Unfall 68170 (2020) Kat:2, Licht: 0,68170,2,3,5,08,12,7,0,0,0,1,0,1
"POINT (9.646658572000035 52.413646121000056)",Unfall 68171 (2020) Kat:3, Licht: 0,68171,3,6,2,08,13,2,1,0,0,1,0,0
"POINT (9.714625210000065 52.361076131000061)",Unfall 68177 (2020) Kat:3, Licht: 0,68177,3,2,3,08,09,4,1,0,0,1,0,0
"POINT (9.455101190000050 52.306562198000051)",Unfall 68182 (2020) Kat:3, Licht: 0,68182,3,2,2,08,17,7,0,0,0,1,0,0
"POINT (9.723000201000048 52.391809384000055)",Unfall 68183 (2020) Kat:3, Licht: 0,68183,3,1,8,08,08,7,0,0,0,1,0,0
"POINT (9.465072266000050 52.456885827000065)",Unfall 68210 (2020) Kat:2, Licht: 0,68210,2,1,8,08,18,5,0,0,0,1,0,0
"POINT (9.663455545000034 52.239694212000074)",Unfall 68217 (2020) Kat:2, Licht: 0,68217,2,7,0,08,10,2,1,0,1,0,0,0
"POINT (9.745416054000032 52.366891985000052)",Unfall 68222 (2020) Kat:3, Licht: 0,68222,3,3,5,08,13,4,0,0,1,1,0,0
"POINT (9.725336580000032 52.547902783000040)",Unfall 68223 (2020) Kat:3, Licht: 0,68223,3,3,5,08,09,4,1,0,1,1,0,0
"POINT (9.701015136000024 52.371130183000048)",Unfall 68225 (2020) Kat:3, Licht: 0,68225,3,3,2,08,08,6,1,0,0,1,0,0
"POINT (9.833410992000040 52.419272434000050)",Unfall 68235 (2020) Kat:3, Licht: 0,68235,3,2,3,08,12,2,0,0,1,1,0,0
"POINT (9.419607286000030 52.425711065000030)",Unfall 68236 (2020) Kat:2, Licht: 2,68236,2,7,8,08,23,2,0,2,0,0,0,1
"POINT (9.612286582000024 52.330297224000049)",Unfall 68238 (2020) Kat:3, Licht: 0,68238,3,2,2,08,15,2,0,0,0,1,0,0
"POINT (9.467785428000070 52.462886965000052)",Unfall 68244 (2020) Kat:3, Licht: 0,68244,3,3,5,08,13,2,0,0,0,1,0,0
"POINT (9.595332997000071 52.408276176000072)",Unfall 68250 (2020) Kat:3, Licht: 0,68250,3,6,2,08,16,2,0,0,0,1,0,0
"POINT (9.723331364000046 52.440267413000072)",Unfall 68251 (2020) Kat:3, Licht: 1,68251,3,3,5,08,21,2,0,1,1,1,0,0
"POINT (9.599568877000024 52.423185684000032)",Unfall 68252 (2020) Kat:3, Licht: 2,68252,3,1,8,08,22,2,0,2,0,1,0,0
"POINT (9.768243615000074 52.453852410000081)",Unfall 68257 (2020) Kat:3, Licht: 0,68257,3,1,8,08,10,5,0,0,0,0,0,1
"POINT (10.091574793000063 52.365300744000081)",Unfall 68258 (2020) Kat:3, Licht: 0,68258,3,6,2,08,16,2,0,0,0,1,0,0
"POINT (9.515637915000070 52.472925954000061)",Unfall 68259 (2020) Kat:1, Licht: 0,68259,1,1,8,08,05,2,1,0,0,1,0,0
"POINT (9.683426580000059 52.380341078000072)",Unfall 68265 (2020) Kat:3, Licht: 0,68265,3,1,2,08,15,2,0,0,0,1,0,1
"POINT (9.861799833000021 52.368809374000080)",Unfall 68269 (2020) Kat:3, Licht: 0,68269,3,6,2,08,12,4,0,0,0,1,0,0
"POINT (9.589718095000023 52.439018661000034)",Unfall 68275 (2020) Kat:3, Licht: 0,68275,3,3,5,08,15,1,0,0,0,1,0,0
"POINT (9.392956958000070 52.431326796000064)",Unfall 68276 (2020) Kat:3, Licht: 0,68276,3,4,0,08,16,3,0,0,0,1,1,0
"POINT (9.719166106000046 52.347504812000068)",Unfall 68297 (2020) Kat:3, Licht: 0,68297,3,6,2,08,08,7,0,0,0,1,0,0
"POINT (9.627358435000076 52.175283633000049)",Unfall 68307 (2020) Kat:3, Licht: 0,68307,3,1,8,08,07,2,0,0,0,1,0,0
"POINT (9.611135630000035 52.392056940000032)",Unfall 68309 (2020) Kat:3, Licht: 0,68309,3,3,5,08,12,7,0,0,1,1,0,0
"POINT (9.855203415000062 52.538934349000044)",Unfall 68313 (2020) Kat:3, Licht: 0,68313,3,2,3,08,14,6,0,0,0,1,0,0
"POINT (9.502460619000033 52.427593437000041)",Unfall 68317 (2020) Kat:3, Licht: 0,68317,3,7,0,08,17,7,1,0,1,0,0,0
"POINT (10.095870763000050 52.395493910000027)",Unfall 68320 (2020) Kat:3, Licht: 0,68320,3,2,2,08,13,3,0,0,0,1,0,0
"POINT (9.830295142000068 52.361060344000066)",Unfall 68328 (2020) Kat:3, Licht: 0,68328,3,7,1,08,16,7,0,0,1,1,0,0
"POINT (9.726407714000061 52.569430663000048)",Unfall 68341 (2020) Kat:3, Licht: 0,68341,3,6,2,08,12,7,1,0,0,1,0,0
"POINT (9.843307470000070 52.415304706000029)",Unfall 68354 (2020) Kat:3, Licht: 2,68354,3,6,2,08,03,3,1,2,0,1,0,0
"POINT (9.619322283000031 52.378089163000027)",Unfall 68361 (2020) Kat:3, Licht: 0,68361,3,7,0,08,12,1,0,0,1,0,0,0
"POINT (10.020075809000048 52.454647010000031)",Unfall 68362 (2020) Kat:3, Licht: 0,68362,3,3,5,08,19,1,0,0,0,1,0,0
"POINT (9.630220897000072 52.420941625000069)",Unfall 68363 (2020) Kat:3, Licht: 2,68363,3,1,3,08,23,1,1,2,0,1,0,0
"POINT (9.647393659000045 52.413460824000026)",Unfall 68366 (2020) Kat:3, Licht: 2,68366,3,6,2,08,21,3,0,2,0,1,0,0
"POINT (9.735266937000063 52.405214247000060)",Unfall 68367 (2020) Kat:3, Licht: 0,68367,3,3,5,08,14,5,0,0,1,1,0,0
"POINT (9.477593434000028 52.389214227000082)",Unfall 68369 (2020) Kat:2, Licht: 2,68369,2,1,9,08,21,1,1,2,0,1,0,0
"POINT (9.742204531000027 52.605349924000052)",Unfall 68370 (2020) Kat:3, Licht: 0,68370,3,6,2,08,16,1,0,0,0,1,0,0
"POINT (9.856693817000064 52.530713296000044)",Unfall 68372 (2020) Kat:3, Licht: 0,68372,3,6,4,08,20,7,0,0,1,0,0,0
"POINT (9.725304563000066 52.520390375000034)",Unfall 68373 (2020) Kat:3, Licht: 0,68373,3,5,1,08,11,7,0,0,0,1,0,0
"POINT (9.725237869000068 52.563551223000047)",Unfall 68385 (2020) Kat:3, Licht: 0,68385,3,3,5,08,12,7,1,0,1,1,0,0
"POINT (9.711502839000048 52.421723362000080)",Unfall 68387 (2020) Kat:3, Licht: 2,68387,3,2,2,08,21,1,0,2,0,1,0,0
"POINT (9.452319786000032 52.504899175000048)",Unfall 68400 (2020) Kat:3, Licht: 0,68400,3,6,3,08,12,5,0,0,1,1,0,0
"POINT (10.179956953000044 52.465016662000039)",Unfall 68409 (2020) Kat:3, Licht: 2,68409,3,1,9,08,21,7,0,2,1,0,0,0
"POINT (9.690428588000032 52.346858903000054)",Unfall 68411 (2020) Kat:3, Licht: 0,68411,3,6,2,08,06,4,0,0,0,1,0,0
"POINT (9.725125088000027 52.458642811000061)",Unfall 68412 (2020) Kat:3, Licht: 0,68412,3,6,3,08,09,4,1,0,0,1,0,0
"POINT (9.612043211000071 52.320439977000035)",Unfall 68417 (2020) Kat:2, Licht: 0,68417,2,1,0,08,10,7,0,0,1,0,0,0
"POINT (9.846924926000042 52.390475869000056)",Unfall 68420 (2020) Kat:3, Licht: 2,68420,3,2,5,08,21,2,1,2,1,1,0,0
"POINT (9.776282457000036 52.269290870000077)",Unfall 68427 (2020) Kat:3, Licht: 0,68427,3,6,0,08,11,4,1,0,0,1,0,0
"POINT (9.749826371000040 52.369267644000047)",Unfall 68447 (2020) Kat:3, Licht: 1,68447,3,4,6,08,20,5,0,1,0,0,1,0
"POINT (10.141973033000056 52.362016519000065)",Unfall 68452 (2020) Kat:2, Licht: 2,68452,2,6,2,08,05,7,0,2,0,1,0,0
"POINT (9.789279254000064 52.317174487000045)",Unfall 68455 (2020) Kat:3, Licht: 0,68455,3,6,2,08,17,2,0,0,0,1,0,0
"POINT (9.621601179000038 52.421128937000049)",Unfall 68466 (2020) Kat:3, Licht: 0,68466,3,3,5,08,12,1,0,0,0,1,0,1
"POINT (9.614087050000023 52.392233376000036)",Unfall 68467 (2020) Kat:3, Licht: 0,68467,3,3,5,08,14,3,0,0,1,1,0,0
"POINT (9.484091301000035 52.456127106000054)",Unfall 68472 (2020) Kat:3, Licht: 0,68472,3,1,4,08,14,6,0,0,0,1,0,0
"POINT (9.722585023000022 52.378419938000036)",Unfall 68489 (2020) Kat:3, Licht: 0,68489,3,6,2,08,14,7,0,0,0,1,0,0
"POINT (9.426489958000047 52.429475988000036)",Unfall 68491 (2020) Kat:3, Licht: 0,68491,3,2,5,08,10,7,0,0,1,1,0,0
"POINT (9.723244794000038 52.454404979000060)",Unfall 68492 (2020) Kat:3, Licht: 0,68492,3,6,2,08,08,7,0,0,0,1,0,0
"POINT (9.629487323000035 52.483455409000044)",Unfall 68498 (2020) Kat:3, Licht: 0,68498,3,1,4,08,17,2,1,0,0,1,0,0
"POINT (9.859015306000060 52.407225886000049)",Unfall 68499 (2020) Kat:3, Licht: 0,68499,3,7,2,08,17,7,0,0,0,0,0,0
"POINT (9.836908984000047 52.277193753000063)",Unfall 68501 (2020) Kat:3, Licht: 0,68501,3,1,0,08,19,7,0,0,1,0,0,0
"POINT (9.763677351000069 52.585001835000071)",Unfall 68504 (2020) Kat:3, Licht: 0,68504,3,6,2,08,14,6,0,0,0,1,0,0
"POINT (9.661172906000047 52.274472611000078)",Unfall 68506 (2020) Kat:2, Licht: 0,68506,2,3,5,08,15,7,0,0,0,1,0,1
"POINT (9.629912976000071 52.485035902000050)",Unfall 68511 (2020) Kat:2, Licht: 0,68511,2,1,8,08,15,3,0,0,0,0,0,1
"POINT (9.738840832000051 52.303322375000050)",Unfall 68518 (2020) Kat:3, Licht: 0,68518,3,3,5,08,16,7,0,0,1,1,0,0
"POINT (10.113761455000031 52.337222404000045)",Unfall 68529 (2020) Kat:3, Licht: 0,68529,3,7,4,08,07,5,0,0,1,1,0,0
"POINT (9.768497680000053 52.338126804000069)",Unfall 68547 (2020) Kat:3, Licht: 0,68547,3,6,3,08,17,1,1,0,0,1,0,0
"POINT (9.608019169000045 52.445782497000039)",Unfall 68558 (2020) Kat:3, Licht: 0,68558,3,2,2,08,19,3,1,0,0,1,0,0
"POINT (9.801877015000059 52.480604915000072)",Unfall 68559 (2020) Kat:3, Licht: 0,68559,3,6,2,08,18,5,0,0,0,1,0,0
"POINT (9.745420719000038 52.601456315000064)",Unfall 68565 (2020) Kat:3, Licht: 0,68565,3,7,2,08,14,7,0,0,0,1,0,0
"POINT (9.749651701000062 52.369258055000046)",Unfall 68566 (2020) Kat:2, Licht: 2,68566,2,4,6,08,22,7,0,2,1,0,1,0
"POINT (9.377030328000046 52.417197838000050)",Unfall 68637 (2020) Kat:3, Licht: 0,68637,3,1,0,09,09,5,0,0,1,0,0,0
"POINT (9.781919773000027 52.554541973000028)",Unfall 68638 (2020) Kat:3, Licht: 1,68638,3,6,2,09,17,5,1,1,0,1,0,0
"POINT (9.654583466000076 52.551137375000053)",Unfall 68639 (2020) Kat:3, Licht: 0,68639,3,6,2,09,12,5,0,0,0,1,0,0
"POINT (10.015597013000047 52.383095154000046)",Unfall 68640 (2020) Kat:2, Licht: 1,68640,2,6,2,09,19,5,1,1,0,1,0,0
"POINT (10.124816565000060 52.372210018000033)",Unfall 68641 (2020) Kat:3, Licht: 1,68641,3,3,5,09,19,5,1,1,0,1,0,0
"POINT (9.977540322000039 52.389331596000034)",Unfall 68642 (2020) Kat:3, Licht: 0,68642,3,6,2,09,14,5,0,0,0,0,0,0
"POINT (9.778251380000029 52.371456004000038)",Unfall 68643 (2020) Kat:3, Licht: 0,68643,3,7,2,09,08,5,0,0,0,1,0,0
"POINT (9.734242690000031 52.368828940000071)",Unfall 68644 (2020) Kat:3, Licht: 0,68644,3,3,5,09,13,5,0,0,1,1,0,0
"POINT (9.774724552000066 52.371263769000052)",Unfall 68701 (2020) Kat:3, Licht: 0,68701,3,2,2,09,18,4,0,0,0,1,0,0
"POINT (9.735027822000063 52.393427575000032)",Unfall 68702 (2020) Kat:2, Licht: 0,68702,2,6,2,09,12,4,0,0,0,1,0,1
"POINT (9.451092435000021 52.467340861000082)",Unfall 68703 (2020) Kat:3, Licht: 0,68703,3,1,0,09,13,4,0,0,1,0,0,0
"POINT (9.727755036000076 52.542332394000027)",Unfall 68704 (2020) Kat:3, Licht: 0,68704,3,7,0,09,18,4,0,0,1,0,0,0
"POINT (10.028249529000050 52.429988021000042)",Unfall 68705 (2020) Kat:3, Licht: 0,68705,3,3,5,09,13,4,0,0,0,1,0,0
"POINT (9.733605952000062 52.244056691000026)",Unfall 68706 (2020) Kat:2, Licht: 0,68706,2,3,5,09,17,4,0,0,1,1,0,0
"POINT (9.673495117000073 52.358704676000059)",Unfall 68707 (2020) Kat:3, Licht: 2,68707,3,1,8,09,00,4,0,2,0,1,0,0
"POINT (9.837497486000075 52.276501896000070)",Unfall 68708 (2020) Kat:3, Licht: 0,68708,3,5,1,09,17,4,0,0,0,0,0,0
"POINT (9.852962802000036 52.409995116000061)",Unfall 68709 (2020) Kat:3, Licht: 0,68709,3,6,2,09,08,4,0,0,0,1,0,0
"POINT (9.836984525000048 52.277073037000036)",Unfall 68762 (2020) Kat:3, Licht: 2,68762,3,1,0,09,05,3,1,2,1,0,0,0
"POINT (9.719441586000073 52.346543520000068)",Unfall 68763 (2020) Kat:3, Licht: 0,68763,3,2,5,09,07,3,0,0,0,1,0,0
"POINT (9.855984195000076 52.388864967000075)",Unfall 68764 (2020) Kat:3, Licht: 0,68764,3,3,5,09,14,3,0,0,1,1,0,0
"POINT (9.799485606000076 52.409239102000072)",Unfall 68765 (2020) Kat:3, Licht: 0,68765,3,7,0,09,12,3,0,0,1,0,0,0
"POINT (9.532704124000077 52.463353505000043)",Unfall 68766 (2020) Kat:3, Licht: 0,68766,3,1,8,09,18,3,0,0,0,1,0,0
"POINT (9.644408632000022 52.397169569000027)",Unfall 68767 (2020) Kat:2, Licht: 0,68767,2,2,0,09,17,3,0,0,1,1,0,0
"POINT (9.765870241000073 52.583506045000036)",Unfall 68768 (2020) Kat:3, Licht: 0,68768,3,6,2,09,09,3,0,0,0,1,0,0
"POINT (9.811669969000036 52.429802958000039)",Unfall 68769 (2020) Kat:3, Licht: 0,68769,3,1,9,09,09,3,1,0,0,1,0,0
"POINT (9.719404552000071 52.367434975000037)",Unfall 68770 (2020) Kat:3, Licht: 0,68770,3,1,0,09,16,3,0,0,1,0,0,0
"POINT (9.654421666000076 52.408243048000031)",Unfall 68814 (2020) Kat:3, Licht: 0,68814,3,6,2,08,16,2,0,0,0,1,0,0
"POINT (9.666811500000051 52.377047834000052)",Unfall 68815 (2020) Kat:3, Licht: 0,68815,3,1,0,08,10,2,1,0,0,0,0,1
"POINT (9.802763217000063 52.435457191000069)",Unfall 68816 (2020) Kat:3, Licht: 0,68816,3,5,6,08,18,2,0,0,0,1,1,0
"POINT (9.423910486000068 52.429414463000057)",Unfall 68817 (2020) Kat:3, Licht: 0,68817,3,3,5,08,12,2,0,0,1,1,0,0
"POINT (9.613988720000066 52.316348675000029)",Unfall 68818 (2020) Kat:3, Licht: 0,68818,3,3,5,08,15,2,0,0,1,1,0,0
"POINT (9.847392287000048 52.274086534000048)",Unfall 68819 (2020) Kat:3, Licht: 0,68819,3,3,5,08,19,2,0,0,1,1,0,0
"POINT (9.731965068000022 52.369465261000073)",Unfall 68820 (2020) Kat:2, Licht: 0,68820,2,3,5,08,07,2,0,0,1,1,0,0
"POINT (9.845313897000040 52.393719054000030)",Unfall 68855 (2020) Kat:3, Licht: 1,68855,3,1,3,08,19,1,0,1,1,1,0,0
"POINT (9.672824110000022 52.300044026000080)",Unfall 68856 (2020) Kat:3, Licht: 0,68856,3,5,8,08,14,1,0,0,1,1,0,0
"POINT (9.505095851000021 52.368454860000043)",Unfall 68857 (2020) Kat:3, Licht: 0,68857,3,6,2,08,13,1,0,0,1,0,0,0
"POINT (9.573074581000071 52.440144518000068)",Unfall 68858 (2020) Kat:3, Licht: 0,68858,3,3,5,08,13,1,0,0,1,1,0,0
"POINT (9.467508480000049 52.395314227000028)",Unfall 68859 (2020) Kat:2, Licht: 2,68859,2,1,8,09,23,7,0,2,0,1,0,0
"POINT (9.944587311000021 52.333789335000063)",Unfall 68860 (2020) Kat:3, Licht: 0,68860,3,3,5,09,14,6,0,0,1,1,0,0
"POINT (9.903418079000062 52.396623750000060)",Unfall 68866 (2020) Kat:2, Licht: 0,68866,2,6,2,09,15,7,0,0,0,1,0,0
"POINT (9.797221879000063 52.346881876000054)",Unfall 68869 (2020) Kat:3, Licht: 0,68869,3,3,0,09,09,7,1,0,0,1,0,0