WKT,Name,OBJECTID,UKATEGORIE,UTYP1,UART,UMONAT,USTUNDE,UWOCHENTAG,STRZUSTAND,ULICHTVERH,ISTRAD,ISTPKW,ISTFUSS,ISTKRAD
"POINT (9.626339686000051 52.420798941000044)",Unfall 68871 (2020) Kat:3, Licht: 0,68871,3,7,8,09,07,7,1,0,0,1,0,0
"POINT (9.606487911000045 52.432953049000048)",Unfall 68889 (2020) Kat:3, Licht: 0,68889,3,6,2,09,15,1,0,0,0,1,0,0
"POINT (9.762525970000070 52.370552122000049)",Unfall 68890 (2020) Kat:3, Licht: 0,68890,3,6,2,09,16,5,0,0,0,1,0,0
"POINT (9.733623043000023 52.384439111000063)",Unfall 68891 (2020) Kat:3, Licht: 0,68891,3,1,0,09,15,3,0,0,1,0,0,0
"POINT (9.605464899000026 52.572549428000059)",Unfall 68925 (2020) Kat:3, Licht: 0,68925,3,6,4,09,11,4,0,0,0,1,0,0
"POINT (9.734416871000065 52.474844891000032)",Unfall 68926 (2020) Kat:3, Licht: 0,68926,3,3,0,09,18,2,0,0,1,1,0,0
"POINT (9.730173372000024 52.368705603000080)",Unfall 68928 (2020) Kat:3, Licht: 0,68928,3,3,5,09,17,6,0,0,1,1,0,0
"POINT (9.764799909000033 52.307658486000037)",Unfall 68957 (2020) Kat:2, Licht: 0,68957,2,3,5,09,12,1,0,0,1,1,0,0
"POINT (10.099359236000055 52.480646187000048)",Unfall 68958 (2020) Kat:3, Licht: 0,68958,3,7,0,09,18,5,0,0,1,0,0,0
"POINT (9.726167297000075 52.545973204000063)",Unfall 68959 (2020) Kat:3, Licht: 0,68959,3,3,0,09,09,3,0,0,1,1,0,0
"POINT (9.732020219000049 52.383410066000067)",Unfall 68960 (2020) Kat:3, Licht: 2,68960,3,7,9,09,02,1,0,2,0,0,0,0
"POINT (9.712938210000061 52.400734041000078)",Unfall 68974 (2020) Kat:3, Licht: 0,68974,3,5,1,09,16,4,0,0,0,1,0,0
"POINT (9.802030272000025 52.432973742000058)",Unfall 68975 (2020) Kat:3, Licht: 0,68975,3,2,2,09,19,2,0,0,0,1,0,1
"POINT (9.504183653000041 52.339718512000047)",Unfall 68977 (2020) Kat:3, Licht: 0,68977,3,3,5,09,19,6,0,0,1,0,0,1
"POINT (9.790702582000051 52.558567381000046)",Unfall 68992 (2020) Kat:3, Licht: 0,68992,3,6,2,09,12,2,0,0,0,0,0,0
"POINT (9.622664250000071 52.218484057000069)",Unfall 69029 (2020) Kat:3, Licht: 0,69029,3,7,8,09,12,1,0,0,1,0,0,0
"POINT (9.591863219000061 52.401531462000037)",Unfall 69048 (2020) Kat:2, Licht: 2,69048,2,4,6,09,02,1,0,2,0,1,1,0
"POINT (9.728182671000070 52.374312946000032)",Unfall 69050 (2020) Kat:3, Licht: 2,69050,3,2,5,09,22,3,0,2,1,1,0,0
"POINT (9.578712148000022 52.458968653000056)",Unfall 69065 (2020) Kat:3, Licht: 0,69065,3,4,6,09,07,4,0,0,0,1,1,0
"POINT (9.924364760000060 52.366074542000035)",Unfall 69066 (2020) Kat:3, Licht: 0,69066,3,1,0,09,13,2,0,0,0,0,0,1
"POINT (10.265485509000030 52.478770130000044)",Unfall 69068 (2020) Kat:3, Licht: 0,69068,3,6,2,09,12,6,0,0,0,1,0,0
"POINT (9.737216687000057 52.611410191000061)",Unfall 69079 (2020) Kat:3, Licht: 0,69079,3,6,2,09,13,6,0,0,0,1,0,0
"POINT (9.655902092000076 52.406380739000042)",Unfall 69082 (2020) Kat:3, Licht: 2,69082,3,6,3,09,01,1,0,2,0,1,0,0
"POINT (9.514925141000049 52.412162270000067)",Unfall 69088 (2020) Kat:3, Licht: 0,69088,3,3,5,09,09,4,0,0,0,1,0,0
"POINT (10.033683627000073 52.378801992000035)",Unfall 69100 (2020) Kat:3, Licht: 0,69100,3,6,2,09,13,1,0,0,0,1,0,0
"POINT (9.743139678000034 52.458140669000045)",Unfall 69101 (2020) Kat:3, Licht: 0,69101,3,6,3,09,14,5,0,0,1,0,0,0
"POINT (9.598188260000029 52.178460652000069)",Unfall 69102 (2020) Kat:3, Licht: 0,69102,3,3,5,09,10,3,0,0,1,1,0,0
"POINT (9.783437180000021 52.323229306000030)",Unfall 69119 (2020) Kat:3, Licht: 1,69119,3,2,5,09,18,4,1,1,0,1,0,0
"POINT (9.728532147000067 52.373906811000040)",Unfall 69120 (2020) Kat:3, Licht: 0,69120,3,2,2,09,14,2,0,0,0,1,0,0
"POINT (9.525038020000068 52.513963449000073)",Unfall 69121 (2020) Kat:3, Licht: 0,69121,3,1,8,09,11,6,1,0,0,1,0,0
"POINT (9.802385468000068 52.317473594000035)",Unfall 69122 (2020) Kat:3, Licht: 0,69122,3,2,2,09,16,6,0,0,0,1,0,0
"POINT (9.883916213000077 52.299044750000064)",Unfall 69135 (2020) Kat:3, Licht: 0,69135,3,1,0,09,14,4,0,0,0,0,0,0
"POINT (9.431439567000041 52.357889221000050)",Unfall 69136 (2020) Kat:3, Licht: 0,69136,3,7,8,09,12,2,0,0,0,0,0,0
"POINT (9.514828025000043 52.283757068000057)",Unfall 69137 (2020) Kat:3, Licht: 0,69137,3,4,6,09,13,6,0,0,0,1,1,0
"POINT (9.857675357000062 52.481496582000034)",Unfall 69139 (2020) Kat:3, Licht: 0,69139,3,3,5,09,17,7,1,0,0,1,0,0
"POINT (9.898139952000065 52.303366932000074)",Unfall 69145 (2020) Kat:3, Licht: 1,69145,3,1,8,09,05,6,1,1,0,1,0,0
"POINT (9.822592614000030 52.563031244000058)",Unfall 69146 (2020) Kat:3, Licht: 0,69146,3,6,2,09,17,6,0,0,0,1,0,0
"POINT (9.851795677000041 52.477009887000065)",Unfall 69149 (2020) Kat:3, Licht: 0,69149,3,6,2,09,14,6,0,0,0,1,0,0
"POINT (9.727402763000043 52.243039793000037)",Unfall 69151 (2020) Kat:2, Licht: 0,69151,2,7,0,09,12,6,0,0,0,0,0,1
"POINT (10.009145933000070 52.385252958000081)",Unfall 69159 (2020) Kat:3, Licht: 0,69159,3,6,2,09,12,6,0,0,0,1,0,0
"POINT (9.735589840000046 52.394648766000046)",Unfall 69162 (2020) Kat:2, Licht: 0,69162,2,2,5,09,10,6,0,0,1,1,0,0
"POINT (9.968266216000075 52.389883752000060)",Unfall 69165 (2020) Kat:3, Licht: 0,69165,3,1,8,09,08,1,0,0,0,1,0,0
"POINT (9.698704346000056 52.347439810000026)",Unfall 69167 (2020) Kat:3, Licht: 2,69167,3,3,5,09,21,6,0,2,0,1,0,0
"POINT (9.728107398000077 52.374079802000040)",Unfall 69170 (2020) Kat:3, Licht: 0,69170,3,3,5,09,18,1,0,0,0,1,0,0
"POINT (9.831909493000069 52.299839930000076)",Unfall 69175 (2020) Kat:3, Licht: 0,69175,3,6,4,09,09,6,1,0,0,1,0,0
"POINT (9.646742526000026 52.398267962000034)",Unfall 69184 (2020) Kat:3, Licht: 2,69184,3,6,2,09,21,4,1,2,0,1,0,1
"POINT (9.667335229000059 52.239189821000082)",Unfall 69185 (2020) Kat:3, Licht: 0,69185,3,7,0,09,07,2,0,0,1,1,0,0
"POINT (9.845346255000038 52.446283927000081)",Unfall 69187 (2020) Kat:3, Licht: 0,69187,3,6,4,09,13,3,0,0,1,0,0,0
"POINT (9.851190071000076 52.491273827000043)",Unfall 69192 (2020) Kat:3, Licht: 0,69192,3,2,4,09,11,7,1,0,0,1,0,0
"POINT (9.746600850000050 52.365261337000049)",Unfall 69201 (2020) Kat:3, Licht: 0,69201,3,2,0,09,10,2,0,0,1,1,0,0
"POINT (9.708937163000030 52.314472599000055)",Unfall 69217 (2020) Kat:3, Licht: 0,69217,3,6,6,09,10,5,0,0,1,0,1,0
"POINT (9.634458070000051 52.304917203000059)",Unfall 69225 (2020) Kat:2, Licht: 0,69225,2,2,5,09,16,4,0,0,1,0,0,0
"POINT (9.757533775000070 52.370238147000066)",Unfall 69229 (2020) Kat:3, Licht: 0,69229,3,2,3,09,15,4,0,0,1,0,0,0
"POINT (9.768054426000049 52.338612514000033)",Unfall 69233 (2020) Kat:3, Licht: 0,69233,3,4,6,09,16,5,0,0,1,0,1,0
"POINT (9.805380712000044 52.408371018000082)",Unfall 69239 (2020) Kat:3, Licht: 0,69239,3,2,4,09,08,6,0,0,1,1,0,0
"POINT (9.752099939000061 52.358056845000078)",Unfall 69240 (2020) Kat:3, Licht: 1,69240,3,3,5,09,19,3,0,1,1,1,0,0
"POINT (9.734935861000054 52.391699975000051)",Unfall 69242 (2020) Kat:3, Licht: 0,69242,3,6,4,09,17,3,0,0,1,0,0,0
"POINT (9.613519797000038 52.392189171000041)",Unfall 69246 (2020) Kat:3, Licht: 0,69246,3,3,5,09,11,3,0,0,1,1,0,0
"POINT (9.922472622000043 52.369548190000046)",Unfall 69249 (2020) Kat:3, Licht: 0,69249,3,1,0,09,18,3,0,0,1,0,0,0
"POINT (9.794127168000046 52.313006803000064)",Unfall 69252 (2020) Kat:2, Licht: 0,69252,2,3,5,09,18,3,0,0,1,1,0,0
"POINT (9.734888595000030 52.391416560000039)",Unfall 69255 (2020) Kat:3, Licht: 2,69255,3,4,6,09,20,3,0,2,0,0,1,0
"POINT (9.798967886000071 52.312183963000052)",Unfall 69257 (2020) Kat:3, Licht: 0,69257,3,1,8,09,15,3,0,0,0,1,0,0
"POINT (10.052535245000058 52.522111243000040)",Unfall 69258 (2020) Kat:3, Licht: 0,69258,3,2,4,09,18,6,0,0,0,1,0,0
"POINT (9.565503780000029 52.298750250000069)",Unfall 69259 (2020) Kat:2, Licht: 0,69259,2,1,0,09,13,3,0,0,0,0,0,1
"POINT (9.657148762000077 52.425835440000071)",Unfall 69291 (2020) Kat:3, Licht: 0,69291,3,6,3,09,14,5,0,0,0,1,0,0
"POINT (9.687341330000038 52.360420907000048)",Unfall 69297 (2020) Kat:3, Licht: 0,69297,3,7,0,09,13,5,0,0,1,0,0,0
"POINT (9.733785727000054 52.438069514000063)",Unfall 69306 (2020) Kat:3, Licht: 0,69306,3,1,8,09,11,4,0,0,1,0,0,0
"POINT (9.631389752000075 52.261844779000057)",Unfall 69316 (2020) Kat:3, Licht: 0,69316,3,7,0,09,13,6,0,0,0,0,0,1
"POINT (9.733948753000050 52.413238466000053)",Unfall 69319 (2020) Kat:3, Licht: 0,69319,3,3,5,09,18,6,0,0,1,1,0,0
"POINT (9.731571184000075 52.369403548000037)",Unfall 69321 (2020) Kat:3, Licht: 0,69321,3,2,5,09,15,4,0,0,1,1,0,0
"POINT (9.605340907000027 52.422491315000059)",Unfall 69332 (2020) Kat:2, Licht: 0,69332,2,5,1,09,09,6,0,0,0,0,0,0
"POINT (9.734119106000037 52.369071241000029)",Unfall 69342 (2020) Kat:3, Licht: 0,69342,3,3,5,09,17,7,0,0,0,1,0,0
"POINT (9.885697472000061 52.297940887000038)",Unfall 69351 (2020) Kat:3, Licht: 0,69351,3,6,2,09,08,4,0,0,0,1,0,0
"POINT (9.721714093000060 52.378459976000045)",Unfall 69356 (2020) Kat:3, Licht: 0,69356,3,6,2,09,10,7,0,0,0,1,0,0
"POINT (9.733258934000048 52.310394356000074)",Unfall 69371 (2020) Kat:3, Licht: 0,69371,3,6,2,09,12,7,0,0,0,1,0,0
"POINT (9.727947677000032 52.577414902000044)",Unfall 69373 (2020) Kat:3, Licht: 0,69373,3,2,5,09,15,7,0,0,1,1,0,0
"POINT (9.665065205000076 52.339006974000029)",Unfall 69374 (2020) Kat:3, Licht: 0,69374,3,3,5,09,17,5,0,0,1,1,0,0
"POINT (9.794848015000071 52.557195590000049)",Unfall 69377 (2020) Kat:3, Licht: 0,69377,3,6,2,09,13,7,0,0,0,1,0,0
"POINT (9.403416132000075 52.589644069000030)",Unfall 69384 (2020) Kat:2, Licht: 0,69384,2,6,4,09,16,4,0,0,0,1,0,0
"POINT (9.750080829000069 52.369281613000055)",Unfall 69387 (2020) Kat:3, Licht: 2,69387,3,1,8,09,20,7,0,2,0,0,0,0
"POINT (9.575259165000034 52.279596460000050)",Unfall 69391 (2020) Kat:3, Licht: 0,69391,3,4,6,09,15,7,0,0,0,0,1,0
"POINT (9.787272959000063 52.429515576000028)",Unfall 69392 (2020) Kat:3, Licht: 0,69392,3,6,2,09,07,5,0,0,0,1,0,0
"POINT (9.764562114000057 52.343055334000042)",Unfall 69394 (2020) Kat:2, Licht: 0,69394,2,3,5,09,08,7,0,0,1,1,0,0
"POINT (9.697118740000065 52.378420058000074)",Unfall 69398 (2020) Kat:3, Licht: 1,69398,3,6,2,09,06,6,0,1,0,1,0,0
"POINT (9.717233640000075 52.356388649000053)",Unfall 69412 (2020) Kat:3, Licht: 0,69412,3,6,2,09,15,2,0,0,0,1,0,0
"POINT (9.746055713000033 52.365962351000064)",Unfall 69413 (2020) Kat:3, Licht: 0,69413,3,6,4,09,15,6,0,0,1,0,0,0
"POINT (9.723612691000028 52.379361943000049)",Unfall 69414 (2020) Kat:3, Licht: 0,69414,3,6,3,09,13,2,0,0,0,1,0,1
"POINT (9.505898840000043 52.300681022000049)",Unfall 69417 (2020) Kat:3, Licht: 0,69417,3,3,5,09,09,2,0,0,0,1,0,1
"POINT (9.760421995000058 52.335367712000050)",Unfall 69419 (2020) Kat:3, Licht: 0,69419,3,6,0,09,17,2,0,0,0,0,0,1
"POINT (9.924537095000062 52.366165988000034)",Unfall 69420 (2020) Kat:3, Licht: 0,69420,3,3,5,09,14,6,0,0,0,1,0,0
"POINT (9.652847214000076 52.409535140000060)",Unfall 69421 (2020) Kat:3, Licht: 0,69421,3,7,8,09,18,2,0,0,0,1,0,0
"POINT (9.717212879000044 52.396447621000050)",Unfall 69423 (2020) Kat:2, Licht: 0,69423,2,4,6,09,15,2,0,0,0,1,1,0
"POINT (9.751894358000072 52.358322320000070)",Unfall 69427 (2020) Kat:2, Licht: 0,69427,2,7,0,09,12,2,0,0,1,1,0,0
"POINT (9.733410905000028 52.420271047000028)",Unfall 69436 (2020) Kat:3, Licht: 0,69436,3,6,2,09,17,5,0,0,0,1,0,0
"POINT (9.832670032000067 52.494924714000035)",Unfall 69454 (2020) Kat:3, Licht: 2,69454,3,7,0,09,23,5,0,2,0,1,0,0
"POINT (9.735347836000074 52.402713933000030)",Unfall 69460 (2020) Kat:3, Licht: 0,69460,3,3,5,09,19,6,0,0,1,1,0,0
"POINT (9.807226426000057 52.559176545000071)",Unfall 69463 (2020) Kat:3, Licht: 0,69463,3,3,5,09,14,4,0,0,1,1,0,0
"POINT (9.725125664000075 52.376997897000081)",Unfall 69470 (2020) Kat:3, Licht: 0,69470,3,2,5,09,16,4,0,0,1,1,0,0
"POINT (9.639186332000065 52.291542598000035)",Unfall 69480 (2020) Kat:3, Licht: 0,69480,3,7,0,09,10,6,0,0,1,0,0,0
"POINT (9.880074799000056 52.425702728000033)",Unfall 69495 (2020) Kat:3, Licht: 0,69495,3,6,3,09,10,6,0,0,0,0,0,0
"POINT (9.526507795000043 52.417600469000035)",Unfall 69530 (2020) Kat:3, Licht: 0,69530,3,6,2,09,09,5,0,0,0,0,0,0
"POINT (9.715359681000052 52.366698179000082)",Unfall 69535 (2020) Kat:3, Licht: 0,69535,3,3,5,09,12,5,0,0,1,1,0,0
"POINT (9.530960113000049 52.419148908000068)",Unfall 69544 (2020) Kat:2, Licht: 0,69544,2,7,9,09,18,4,0,0,0,1,0,0
"POINT (9.836995360000060 52.277060871000060)",Unfall 69553 (2020) Kat:3, Licht: 0,69553,3,7,0,09,15,1,0,0,1,0,0,0
"POINT (9.845731737000051 52.393545172000074)",Unfall 69554 (2020) Kat:3, Licht: 0,69554,3,6,6,09,15,1,0,0,1,0,1,0
"POINT (9.870642213000053 52.434960244000081)",Unfall 69556 (2020) Kat:3, Licht: 2,69556,3,6,0,09,19,1,0,2,1,0,0,0
"POINT (9.517436775000022 52.512475456000061)",Unfall 69558 (2020) Kat:2, Licht: 2,69558,2,1,8,09,21,1,0,2,0,1,0,0
"POINT (9.733418182000037 52.384414847000073)",Unfall 69559 (2020) Kat:3, Licht: 0,69559,3,6,2,09,16,6,0,0,0,1,0,0
"POINT (9.561889454000038 52.421933446000082)",Unfall 69560 (2020) Kat:3, Licht: 0,69560,3,6,2,09,07,1,0,0,0,1,0,0
"POINT (9.737806297000077 52.368213205000075)",Unfall 69563 (2020) Kat:3, Licht: 0,69563,3,3,5,09,15,1,0,0,1,1,0,0
"POINT (9.747836847000031 52.598604308000063)",Unfall 69572 (2020) Kat:3, Licht: 0,69572,3,6,2,09,09,6,0,0,0,1,0,0
"POINT (9.575291623000055 52.418972546000077)",Unfall 69576 (2020) Kat:3, Licht: 0,69576,3,7,0,09,13,6,0,0,1,0,0,0
"POINT (9.489775351000048 52.312186388000043)",Unfall 69607 (2020) Kat:3, Licht: 1,69607,3,7,0,09,07,2,1,1,1,0,0,0
"POINT (9.593728870000064 52.423605656000063)",Unfall 69627 (2020) Kat:3, Licht: 0,69627,3,6,3,09,13,5,0,0,0,1,0,0
"POINT (9.460613881000029 52.309897571000079)",Unfall 69630 (2020) Kat:3, Licht: 0,69630,3,3,5,09,12,7,0,0,1,1,0,0
"POINT (9.762199549000059 52.370416666000040)",Unfall 69698 (2020) Kat:3, Licht: 0,69698,3,2,2,09,07,5,1,0,0,1,0,0
"POINT (10.044691874000023 52.375516060000052)",Unfall 69700 (2020) Kat:3, Licht: 0,69700,3,6,3,09,15,2,0,0,0,1,0,0
"POINT (9.584578237000073 52.390014271000041)",Unfall 69707 (2020) Kat:3, Licht: 0,69707,3,6,2,09,18,2,0,0,0,1,0,1
"POINT (9.944567705000054 52.333797046000029)",Unfall 69710 (2020) Kat:3, Licht: 0,69710,3,3,5,09,13,2,0,0,1,1,0,0
"POINT (9.794727003000048 52.394800226000029)",Unfall 69717 (2020) Kat:3, Licht: 0,69717,3,1,2,09,18,2,0,0,0,1,0,0
"POINT (9.729567415000076 52.368676023000035)",Unfall 69720 (2020) Kat:3, Licht: 0,69720,3,7,0,09,17,5,0,0,0,0,0,0
"POINT (9.751191374000030 52.359231366000074)",Unfall 69721 (2020) Kat:3, Licht: 0,69721,3,2,0,09,16,2,0,0,0,1,0,1
"POINT (9.849501371000031 52.411419925000075)",Unfall 69723 (2020) Kat:3, Licht: 0,69723,3,6,2,09,17,7,1,0,0,1,0,0
"POINT (9.799957629000062 52.407227299000056)",Unfall 69724 (2020) Kat:3, Licht: 0,69724,3,1,0,09,07,2,0,0,1,0,0,0
"POINT (9.910791214000028 52.277122286000065)",Unfall 69748 (2020) Kat:2, Licht: 0,69748,2,7,8,09,17,3,0,0,0,0,0,0
"POINT (9.765685698000027 52.341695797000057)",Unfall 69769 (2020) Kat:3, Licht: 2,69769,3,6,2,09,21,6,0,2,0,1,0,1
"POINT (9.636221741000043 52.396417802000030)",Unfall 69780 (2020) Kat:3, Licht: 2,69780,3,1,8,09,02,1,1,2,0,1,0,0
"POINT (9.797287545000074 52.414076771000055)",Unfall 69784 (2020) Kat:3, Licht: 0,69784,3,2,5,09,16,3,0,0,1,1,0,0
"POINT (10.066402676000052 52.395006091000027)",Unfall 69790 (2020) Kat:3, Licht: 0,69790,3,3,5,09,15,5,0,0,1,1,0,0
"POINT (9.711051283000074 52.405914925000047)",Unfall 69791 (2020) Kat:3, Licht: 0,69791,3,3,5,09,13,4,0,0,1,1,0,0
"POINT (9.647702228000071 52.322005874000070)",Unfall 69794 (2020) Kat:3, Licht: 0,69794,3,1,4,09,15,7,1,0,0,1,0,0
"POINT (9.684886467000069 52.374492086000032)",Unfall 69798 (2020) Kat:3, Licht: 2,69798,3,5,5,09,22,4,0,2,0,1,0,1
"POINT (9.606097525000052 52.314450276000059)",Unfall 69800 (2020) Kat:3, Licht: 0,69800,3,3,5,09,15,2,0,0,1,1,0,0
"POINT (9.646809882000071 52.397964606000073)",Unfall 69803 (2020) Kat:3, Licht: 0,69803,3,5,1,09,13,3,0,0,1,1,0,0
"POINT (9.629359907000037 52.236790833000043)",Unfall 69806 (2020) Kat:3, Licht: 0,69806,3,6,2,09,15,3,0,0,0,1,0,0
"POINT (9.993446761000030 52.317671309000048)",Unfall 69809 (2020) Kat:3, Licht: 0,69809,3,6,2,09,16,3,0,0,0,1,0,0
"POINT (9.834075873000074 52.361265865000064)",Unfall 69815 (2020) Kat:3, Licht: 0,69815,3,1,0,09,19,4,0,0,1,0,0,0
"POINT (9.898139105000041 52.405886579000082)",Unfall 69821 (2020) Kat:3, Licht: 0,69821,3,6,8,09,13,3,0,0,0,1,0,0
"POINT (9.735555478000038 52.403519758000073)",Unfall 69826 (2020) Kat:3, Licht: 0,69826,3,2,0,09,10,3,0,0,0,0,0,0
"POINT (9.805399452000074 52.370977979000031)",Unfall 69829 (2020) Kat:3, Licht: 0,69829,3,7,0,09,17,3,0,0,1,0,0,0
"POINT (9.621236598000053 52.392880915000035)",Unfall 69835 (2020) Kat:3, Licht: 0,69835,3,6,6,09,13,4,0,0,1,0,1,0
"POINT (9.898405953000065 52.485105294000050)",Unfall 69866 (2020) Kat:2, Licht: 0,69866,2,2,5,09,18,6,0,0,0,1,0,1
"POINT (9.630274790000044 52.263337564000039)",Unfall 69872 (2020) Kat:3, Licht: 0,69872,3,2,5,09,12,4,0,0,1,1,0,0
"POINT (9.729777638000030 52.384087140000076)",Unfall 69873 (2020) Kat:3, Licht: 0,69873,3,4,6,09,12,1,0,0,0,1,1,0
"POINT (9.727826570000048 52.374710198000059)",Unfall 69875 (2020) Kat:3, Licht: 0,69875,3,6,2,09,15,1,0,0,0,1,0,0
"POINT (9.593375273000049 52.437710446000040)",Unfall 69877 (2020) Kat:3, Licht: 1,69877,3,3,5,09,20,4,0,1,1,1,0,0
"POINT (9.595569328000067 52.149005233000082)",Unfall 69880 (2020) Kat:3, Licht: 0,69880,3,1,8,09,16,1,0,0,0,1,0,0
"POINT (9.558139281000024 52.396102095000060)",Unfall 69884 (2020) Kat:3, Licht: 0,69884,3,3,5,09,17,1,0,0,0,1,0,1
"POINT (9.656932682000047 52.318662875000030)",Unfall 69888 (2020) Kat:3, Licht: 0,69888,3,7,0,09,14,1,0,0,1,0,0,0
"POINT (9.730638719000069 52.468492395000055)",Unfall 69891 (2020) Kat:3, Licht: 0,69891,3,3,5,09,14,1,0,0,1,1,0,0
"POINT (9.774600114000066 52.371041537000053)",Unfall 69892 (2020) Kat:3, Licht: 0,69892,3,1,0,09,08,5,1,0,0,0,0,1
"POINT (9.795837490000054 52.549411783000039)",Unfall 69893 (2020) Kat:2, Licht: 0,69893,2,6,2,09,11,1,0,0,0,1,0,0
"POINT (9.788558747000025 52.454512042000033)",Unfall 69894 (2020) Kat:3, Licht: 0,69894,3,1,8,09,11,2,0,0,0,1,0,0
"POINT (9.654274284000053 52.425283042000046)",Unfall 69896 (2020) Kat:3, Licht: 2,69896,3,7,2,09,23,1,0,2,0,1,0,0
"POINT (9.801828499000067 52.438392926000063)",Unfall 69901 (2020) Kat:2, Licht: 0,69901,2,2,4,09,13,1,0,0,0,1,0,1
"POINT (9.962491404000048 52.316423055000030)",Unfall 69908 (2020) Kat:3, Licht: 2,69908,3,7,8,09,01,4,0,2,0,0,0,0
"POINT (9.839541968000049 52.272575393000068)",Unfall 69909 (2020) Kat:3, Licht: 0,69909,3,7,0,09,15,1,0,0,1,0,0,0
"POINT (9.762226112000064 52.370416054000032)",Unfall 69919 (2020) Kat:2, Licht: 2,69919,2,4,6,09,00,7,0,2,0,1,1,0
"POINT (9.697662601000047 52.376400197000066)",Unfall 69937 (2020) Kat:3, Licht: 0,69937,3,6,2,09,17,6,0,0,0,1,0,0
"POINT (10.265380742000048 52.478725419000057)",Unfall 69952 (2020) Kat:3, Licht: 2,69952,3,3,5,09,21,4,0,2,0,1,0,0
"POINT (9.714636576000032 52.362077596000063)",Unfall 69966 (2020) Kat:3, Licht: 1,69966,3,6,2,09,06,2,1,1,0,1,0,0
"POINT (9.697402472000022 52.376868066000043)",Unfall 69976 (2020) Kat:3, Licht: 0,69976,3,1,9,09,16,1,1,0,0,0,0,1
"POINT (9.457055619000073 52.501565969000069)",Unfall 69987 (2020) Kat:3, Licht: 0,69987,3,7,0,09,09,5,1,0,1,0,0,0
"POINT (9.727086842000063 52.366923066000027)",Unfall 69989 (2020) Kat:3, Licht: 0,69989,3,3,5,09,07,2,1,0,1,0,0,0
"POINT (9.794517284000051 52.415194806000045)",Unfall 70012 (2020) Kat:3, Licht: 0,70012,3,7,0,09,11,7,1,0,0,0,0,1
"POINT (9.806889642000044 52.308071094000070)",Unfall 70020 (2020) Kat:3, Licht: 0,70020,3,3,5,09,13,7,0,0,0,1,0,0
"POINT (9.732309207000071 52.383145459000048)",Unfall 70024 (2020) Kat:3, Licht: 2,70024,3,2,5,09,22,7,0,2,1,1,0,0
"POINT (9.730158054000071 52.368700471000068)",Unfall 70026 (2020) Kat:3, Licht: 0,70026,3,3,5,09,17,7,0,0,1,1,0,0
"POINT (9.551127458000053 52.362683249000042)",Unfall 70028 (2020) Kat:3, Licht: 0,70028,3,2,4,09,08,7,0,0,0,1,0,0
"POINT (9.573518720000038 52.643058238000037)",Unfall 70031 (2020) Kat:3, Licht: 0,70031,3,3,5,09,18,7,0,0,0,1,0,0
"POINT (9.837104882000062 52.469258104000062)",Unfall 70035 (2020) Kat:3, Licht: 0,70035,3,2,4,09,15,7,0,0,1,1,0,0
"POINT (10.027069517000029 52.523103092000042)",Unfall 70037 (2020) Kat:2, Licht: 0,70037,2,7,9,09,11,7,0,0,1,1,0,0
"POINT (9.720070985000064 52.428354490000061)",Unfall 70040 (2020) Kat:3, Licht: 0,70040,3,3,5,09,10,7,0,0,0,1,0,0
"POINT (9.456624489000035 52.497275491000039)",Unfall 70057 (2020) Kat:3, Licht: 1,70057,3,3,5,09,07,6,0,1,1,1,0,0
"POINT (9.730998412000076 52.383625086000052)",Unfall 70063 (2020) Kat:2, Licht: 2,70063,2,3,5,09,19,4,0,2,1,1,0,0
"POINT (9.690100773000040 52.377428277000035)",Unfall 70068 (2020) Kat:2, Licht: 0,70068,2,3,5,09,08,4,0,0,0,1,0,0
"POINT (9.911797876000037 52.436422020000066)",Unfall 70069 (2020) Kat:3, Licht: 2,70069,3,1,8,09,04,1,1,2,0,1,0,0
"POINT (9.713541907000035 52.399712316000034)",Unfall 70086 (2020) Kat:3, Licht: 0,70086,3,6,2,10,16,5,0,0,0,1,0,0
"POINT (9.751958328000058 52.358239715000082)",Unfall 70090 (2020) Kat:3, Licht: 0,70090,3,6,2,09,10,4,0,0,0,1,0,0
"POINT (9.823217919000058 52.463116136000053)",Unfall 70092 (2020) Kat:3, Licht: 2,70092,3,3,5,10,20,2,0,2,0,1,0,0
"POINT (9.735125992000064 52.406645218000051)",Unfall 70094 (2020) Kat:3, Licht: 2,70094,3,6,2,09,19,4,0,2,0,1,0,0
"POINT (9.732950205000066 52.421005378000075)",Unfall 70097 (2020) Kat:3, Licht: 0,70097,3,2,3,09,11,4,0,0,0,1,0,0