WKT,Name,OBJECTID,UKATEGORIE,UTYP1,UART,UMONAT,USTUNDE,UWOCHENTAG,STRZUSTAND,ULICHTVERH,ISTRAD,ISTPKW,ISTFUSS,ISTKRAD
"POINT (9.716519644000073 52.287031275000061)",Unfall 193857 (2020) Kat:3, Licht: 0,193857,3,3,5,04,16,3,0,0,0,1,0,0
"POINT (9.691934302000050 52.396611301000064)",Unfall 193866 (2020) Kat:3, Licht: 0,193866,3,3,5,03,18,1,0,0,0,1,0,0
"POINT (9.474507876000075 52.561479595000037)",Unfall 193868 (2020) Kat:3, Licht: 0,193868,3,5,1,04,12,7,0,0,0,1,0,1
"POINT (9.723138423000023 52.387185357000078)",Unfall 193872 (2020) Kat:3, Licht: 0,193872,3,1,0,03,07,3,2,0,1,0,0,0
"POINT (9.706884431000049 52.314808107000033)",Unfall 193874 (2020) Kat:3, Licht: 0,193874,3,1,0,03,08,6,1,0,1,0,0,0
"POINT (9.714393364000046 52.409200152000039)",Unfall 193881 (2020) Kat:3, Licht: 0,193881,3,1,8,03,14,6,0,0,1,0,0,0
"POINT (9.753408224000054 52.382282432000068)",Unfall 193889 (2020) Kat:3, Licht: 1,193889,3,6,4,04,21,5,0,1,1,0,0,0
"POINT (9.669947335000074 52.338941371000033)",Unfall 193890 (2020) Kat:3, Licht: 0,193890,3,1,0,03,18,7,0,0,1,0,0,0
"POINT (9.761726910000050 52.342258518000051)",Unfall 193891 (2020) Kat:3, Licht: 0,193891,3,3,5,04,08,2,0,0,1,1,0,0
"POINT (9.838365211000053 52.275449481000066)",Unfall 193892 (2020) Kat:3, Licht: 0,193892,3,2,6,04,11,6,0,0,0,1,1,0
"POINT (9.689324993000071 52.407521262000046)",Unfall 193903 (2020) Kat:3, Licht: 0,193903,3,7,0,04,07,3,0,0,1,0,0,0
"POINT (9.807187745000022 52.378622685000039)",Unfall 193906 (2020) Kat:3, Licht: 1,193906,3,1,0,04,05,6,0,1,1,0,0,0
"POINT (9.754316723000045 52.368366168000080)",Unfall 193909 (2020) Kat:3, Licht: 0,193909,3,2,3,04,12,3,0,0,1,0,0,0
"POINT (9.700817960000052 52.344783947000053)",Unfall 193910 (2020) Kat:3, Licht: 0,193910,3,6,4,04,11,4,0,0,1,1,0,0
"POINT (9.767636256000060 52.396542047000082)",Unfall 193911 (2020) Kat:3, Licht: 0,193911,3,7,0,04,09,3,0,0,1,0,0,0
"POINT (9.765207292000071 52.395881912000050)",Unfall 193912 (2020) Kat:3, Licht: 2,193912,3,1,0,04,00,3,0,2,1,0,0,0
"POINT (9.848637588000031 52.394097729000066)",Unfall 193913 (2020) Kat:3, Licht: 0,193913,3,3,5,04,15,4,0,0,1,1,0,0
"POINT (9.654233330000068 52.440040763000070)",Unfall 193915 (2020) Kat:2, Licht: 0,193915,2,2,4,04,15,4,0,0,0,1,0,1
"POINT (9.733863803000077 52.325186848000044)",Unfall 193916 (2020) Kat:2, Licht: 0,193916,2,3,5,04,13,4,0,0,1,0,0,0
"POINT (9.701190025000074 52.333845557000075)",Unfall 193917 (2020) Kat:3, Licht: 0,193917,3,2,5,04,12,4,0,0,0,1,0,1
"POINT (9.736713541000029 52.371250428000053)",Unfall 193920 (2020) Kat:3, Licht: 1,193920,3,1,0,04,20,3,0,1,1,0,0,0
"POINT (9.731607587000042 52.353858750000029)",Unfall 193921 (2020) Kat:3, Licht: 2,193921,3,1,9,04,00,3,0,2,0,1,0,0
"POINT (9.735921449000045 52.378851482000073)",Unfall 193942 (2020) Kat:3, Licht: 0,193942,3,1,0,04,10,3,0,0,1,0,0,0
"POINT (9.689725958000054 52.364717003000067)",Unfall 193943 (2020) Kat:3, Licht: 1,193943,3,3,5,04,20,2,0,1,1,1,0,0
"POINT (9.696790353000040 52.438685378000059)",Unfall 193944 (2020) Kat:3, Licht: 0,193944,3,3,0,04,06,3,0,0,0,1,0,1
"POINT (9.558419960000038 52.209681289000059)",Unfall 193946 (2020) Kat:3, Licht: 1,193946,3,2,6,04,18,6,0,1,0,1,1,0
"POINT (9.726791496000033 52.352015770000037)",Unfall 193947 (2020) Kat:2, Licht: 0,193947,2,4,6,04,15,3,0,0,1,0,1,0
"POINT (9.736827081000058 52.376807331000066)",Unfall 193948 (2020) Kat:2, Licht: 0,193948,2,2,5,04,11,3,0,0,0,1,0,1
"POINT (9.604444910000041 52.309219332000055)",Unfall 193949 (2020) Kat:3, Licht: 0,193949,3,2,0,04,13,2,0,0,1,1,0,0
"POINT (9.573084585000061 52.440087258000062)",Unfall 193954 (2020) Kat:3, Licht: 1,193954,3,3,5,04,20,2,0,1,1,1,0,0
"POINT (9.756377538000038 52.413997018000032)",Unfall 193960 (2020) Kat:2, Licht: 1,193960,2,3,5,04,20,2,0,1,1,1,0,0
"POINT (9.964592724000056 52.375236346000065)",Unfall 193981 (2020) Kat:3, Licht: 0,193981,3,3,5,04,17,2,0,0,0,1,0,1
"POINT (9.836491290000026 52.384836628000073)",Unfall 193982 (2020) Kat:3, Licht: 0,193982,3,7,0,04,08,2,0,0,1,0,0,0
"POINT (9.826597478000053 52.303864977000046)",Unfall 193998 (2020) Kat:3, Licht: 0,193998,3,7,6,04,12,6,0,0,0,1,1,0
"POINT (9.704934925000032 52.374328869000067)",Unfall 194004 (2020) Kat:3, Licht: 0,194004,3,1,0,04,20,1,0,0,1,0,0,0
"POINT (9.786969737000050 52.334387930000048)",Unfall 194011 (2020) Kat:3, Licht: 0,194011,3,3,0,04,12,6,0,0,0,1,0,1
"POINT (9.821426849000034 52.283147559000042)",Unfall 194015 (2020) Kat:3, Licht: 0,194015,3,1,0,04,15,1,0,0,1,0,0,0
"POINT (9.574123071000031 52.421681246000048)",Unfall 194017 (2020) Kat:2, Licht: 0,194017,2,3,5,04,12,1,0,0,1,1,0,0
"POINT (9.711481215000049 52.361553969000056)",Unfall 194024 (2020) Kat:3, Licht: 0,194024,3,7,1,04,19,1,0,0,1,1,0,0
"POINT (9.714299094000069 52.369104514000071)",Unfall 194026 (2020) Kat:3, Licht: 0,194026,3,7,0,04,18,1,0,0,0,1,0,1
"POINT (9.868837047000056 52.353740170000037)",Unfall 194027 (2020) Kat:3, Licht: 0,194027,3,6,4,04,17,1,0,0,1,0,0,0
"POINT (9.645676659000060 52.281604952000066)",Unfall 194030 (2020) Kat:3, Licht: 0,194030,3,5,1,04,14,1,0,0,1,1,0,0
"POINT (9.790417870000056 52.377677086000062)",Unfall 194031 (2020) Kat:3, Licht: 2,194031,3,6,4,04,22,1,0,2,1,1,0,0
"POINT (9.820063453000046 52.284761803000038)",Unfall 194034 (2020) Kat:2, Licht: 0,194034,2,7,0,04,15,1,0,0,1,0,0,0
"POINT (9.733681278000063 52.379808977000039)",Unfall 194054 (2020) Kat:3, Licht: 0,194054,3,3,5,04,17,6,0,0,1,1,0,0
"POINT (9.717302356000062 52.376415287000043)",Unfall 194055 (2020) Kat:3, Licht: 0,194055,3,7,3,04,16,5,0,0,1,1,0,0
"POINT (9.613637758000039 52.418350267000051)",Unfall 194057 (2020) Kat:3, Licht: 0,194057,3,4,6,04,16,7,0,0,0,1,1,0
"POINT (9.751879905000067 52.372962612000038)",Unfall 194058 (2020) Kat:3, Licht: 0,194058,3,3,5,04,08,5,0,0,1,1,0,0
"POINT (9.527462187000026 52.461388412000076)",Unfall 194059 (2020) Kat:3, Licht: 0,194059,3,1,0,04,14,7,0,0,0,1,0,0
"POINT (9.672058770000035 52.354771046000053)",Unfall 194060 (2020) Kat:3, Licht: 0,194060,3,7,0,04,12,7,0,0,1,0,0,0
"POINT (9.821256540000036 52.347972405000064)",Unfall 194062 (2020) Kat:3, Licht: 2,194062,3,1,0,04,03,7,0,2,1,0,0,0
"POINT (9.729104097000061 52.393691458000035)",Unfall 194073 (2020) Kat:3, Licht: 0,194073,3,6,4,04,14,5,1,0,1,0,0,0
"POINT (9.728480343000058 52.378140595000048)",Unfall 194083 (2020) Kat:3, Licht: 0,194083,3,3,5,04,15,6,0,0,1,1,0,0
"POINT (9.443021392000048 52.369871114000034)",Unfall 194084 (2020) Kat:3, Licht: 0,194084,3,6,2,04,13,6,0,0,0,1,0,0
"POINT (9.712909903000025 52.371567046000052)",Unfall 194095 (2020) Kat:3, Licht: 0,194095,3,1,0,04,17,7,0,0,1,0,0,0
"POINT (9.728645648000054 52.379366906000030)",Unfall 194099 (2020) Kat:3, Licht: 0,194099,3,5,1,04,13,5,0,0,0,0,0,1
"POINT (9.707715021000070 52.374199770000075)",Unfall 194102 (2020) Kat:3, Licht: 0,194102,3,3,5,04,12,7,0,0,1,1,0,0
"POINT (9.725583024000059 52.562719746000027)",Unfall 194105 (2020) Kat:3, Licht: 0,194105,3,3,5,04,18,6,0,0,1,1,0,0
"POINT (9.760235619000071 52.356361021000055)",Unfall 194106 (2020) Kat:3, Licht: 0,194106,3,3,5,04,11,5,0,0,0,1,0,0
"POINT (9.828716272000065 52.427638128000069)",Unfall 194107 (2020) Kat:3, Licht: 0,194107,3,2,4,04,15,5,0,0,0,1,0,1
"POINT (9.808703660000049 52.300844159000064)",Unfall 194109 (2020) Kat:3, Licht: 0,194109,3,5,1,04,14,6,0,0,1,1,0,0
"POINT (9.857490122000058 52.497923699000069)",Unfall 194110 (2020) Kat:3, Licht: 0,194110,3,2,0,04,13,5,0,0,1,1,0,0
"POINT (9.431675776000077 52.418125229000054)",Unfall 194114 (2020) Kat:3, Licht: 0,194114,3,2,2,04,14,7,0,0,0,1,0,0
"POINT (9.552682919000063 52.440732013000058)",Unfall 194121 (2020) Kat:3, Licht: 0,194121,3,3,5,04,13,7,0,0,1,1,0,0
"POINT (9.797020478000036 52.373670152000045)",Unfall 194122 (2020) Kat:3, Licht: 0,194122,3,3,5,04,08,7,0,0,1,1,0,0
"POINT (9.812875146000067 52.380071874000066)",Unfall 194152 (2020) Kat:3, Licht: 1,194152,3,3,5,04,06,4,0,1,1,1,0,0
"POINT (9.755042265000043 52.367233543000054)",Unfall 194153 (2020) Kat:3, Licht: 0,194153,3,6,2,04,12,4,0,0,0,1,0,0
"POINT (9.771469259000071 52.417456572000049)",Unfall 194155 (2020) Kat:3, Licht: 0,194155,3,7,8,04,11,4,0,0,0,1,0,0
"POINT (9.744212195000046 52.395071409000082)",Unfall 194157 (2020) Kat:3, Licht: 0,194157,3,3,5,04,16,6,0,0,1,1,0,0
"POINT (9.717449700000032 52.381615435000072)",Unfall 194158 (2020) Kat:2, Licht: 0,194158,2,3,5,04,19,5,0,0,1,1,0,0
"POINT (10.004196881000041 52.447741894000046)",Unfall 194171 (2020) Kat:3, Licht: 0,194171,3,7,0,05,11,2,1,0,1,0,0,0
"POINT (9.755616508000060 52.360908495000047)",Unfall 194172 (2020) Kat:3, Licht: 0,194172,3,7,0,05,15,6,1,0,1,0,0,0
"POINT (9.511249588000055 52.407744689000026)",Unfall 194189 (2020) Kat:3, Licht: 0,194189,3,7,6,05,12,3,0,0,0,0,1,0
"POINT (9.738299153000071 52.384865668000032)",Unfall 194194 (2020) Kat:3, Licht: 0,194194,3,3,5,05,10,4,0,0,1,1,0,0
"POINT (9.682533836000062 52.414385266000068)",Unfall 194196 (2020) Kat:3, Licht: 0,194196,3,2,2,04,11,5,1,0,0,1,0,0
"POINT (9.790455148000035 52.377720442000054)",Unfall 194197 (2020) Kat:3, Licht: 0,194197,3,2,3,04,16,5,0,0,1,1,0,0
"POINT (9.942320401000075 52.441784471000062)",Unfall 194198 (2020) Kat:2, Licht: 0,194198,2,6,3,05,11,4,0,0,1,0,0,0
"POINT (9.664587808000022 52.447546531000057)",Unfall 194200 (2020) Kat:3, Licht: 0,194200,3,3,5,04,18,5,0,0,1,1,0,0
"POINT (10.000807052000027 52.449820008000074)",Unfall 194205 (2020) Kat:3, Licht: 2,194205,3,1,0,04,23,5,1,2,1,0,0,0
"POINT (9.701483614000040 52.376094035000051)",Unfall 194209 (2020) Kat:3, Licht: 0,194209,3,3,5,05,13,2,0,0,1,1,0,0
"POINT (9.748116387000039 52.395908183000074)",Unfall 194210 (2020) Kat:3, Licht: 2,194210,3,1,0,05,20,6,0,2,1,0,0,0
"POINT (9.725189690000036 52.387619291000078)",Unfall 194211 (2020) Kat:3, Licht: 2,194211,3,3,5,04,22,5,1,2,1,1,0,0
"POINT (9.547320627000033 52.213720342000045)",Unfall 194213 (2020) Kat:3, Licht: 0,194213,3,5,2,05,13,5,0,0,1,1,0,0
"POINT (9.781111525000029 52.346758730000033)",Unfall 194215 (2020) Kat:3, Licht: 0,194215,3,1,0,04,17,2,0,0,1,0,0,0
"POINT (9.739648369000065 52.381212386000072)",Unfall 194216 (2020) Kat:3, Licht: 0,194216,3,3,5,04,07,5,1,0,1,1,0,0
"POINT (9.690199655000072 52.364846934000070)",Unfall 194220 (2020) Kat:3, Licht: 0,194220,3,3,0,05,10,2,1,0,0,0,0,1
"POINT (9.762574648000054 52.269995150000057)",Unfall 194221 (2020) Kat:2, Licht: 0,194221,2,3,5,05,12,6,0,0,1,1,0,0
"POINT (9.727609838000035 52.436771822000026)",Unfall 194241 (2020) Kat:3, Licht: 0,194241,3,2,5,05,15,3,0,0,0,1,0,1
"POINT (9.756049640000072 52.365706076000038)",Unfall 194247 (2020) Kat:3, Licht: 2,194247,3,3,5,05,21,4,0,2,0,1,0,1
"POINT (9.662014799000076 52.408511999000041)",Unfall 194248 (2020) Kat:3, Licht: 0,194248,3,1,9,04,20,1,0,0,0,1,0,0
"POINT (9.783820198000058 52.360442052000053)",Unfall 194267 (2020) Kat:3, Licht: 0,194267,3,6,4,04,16,2,0,0,1,0,0,0
"POINT (9.750740155000074 52.463502705000053)",Unfall 194269 (2020) Kat:3, Licht: 0,194269,3,5,3,05,17,6,0,0,0,1,0,0
"POINT (9.711528549000036 52.421732018000057)",Unfall 194271 (2020) Kat:3, Licht: 0,194271,3,2,2,04,16,7,0,0,0,1,0,0
"POINT (9.829844660000049 52.427100008000082)",Unfall 194275 (2020) Kat:3, Licht: 0,194275,3,6,0,04,15,7,0,0,1,1,0,0
"POINT (9.751867049000055 52.378219660000070)",Unfall 194277 (2020) Kat:3, Licht: 0,194277,3,6,3,05,16,2,0,0,1,1,0,0
"POINT (9.824071445000072 52.402596957000071)",Unfall 194278 (2020) Kat:3, Licht: 0,194278,3,3,5,05,19,6,0,0,1,1,0,0
"POINT (9.869047151000075 52.498998364000045)",Unfall 194286 (2020) Kat:3, Licht: 0,194286,3,7,0,04,14,7,0,0,0,1,1,0
"POINT (9.728382466000028 52.358843113000034)",Unfall 194293 (2020) Kat:3, Licht: 0,194293,3,1,0,04,19,4,0,0,1,0,0,0
"POINT (9.669692141000041 52.355272466000031)",Unfall 194297 (2020) Kat:3, Licht: 0,194297,3,3,5,05,13,3,0,0,1,1,0,0
"POINT (10.057629741000028 52.483485458000075)",Unfall 194298 (2020) Kat:2, Licht: 0,194298,2,4,6,04,17,7,0,0,0,1,1,0
"POINT (9.804452496000067 52.357926596000027)",Unfall 194300 (2020) Kat:2, Licht: 0,194300,2,4,6,05,17,1,0,0,1,0,1,0
"POINT (9.790286755000068 52.408338998000033)",Unfall 194304 (2020) Kat:3, Licht: 0,194304,3,6,2,05,11,4,0,0,0,1,0,0
"POINT (9.733719548000067 52.399693152000054)",Unfall 194310 (2020) Kat:2, Licht: 0,194310,2,3,5,04,13,7,0,0,1,1,0,0
"POINT (9.788161903000059 52.401959182000041)",Unfall 194316 (2020) Kat:3, Licht: 0,194316,3,6,2,04,10,7,0,0,0,1,0,0
"POINT (9.724761641000043 52.357514377000030)",Unfall 194319 (2020) Kat:3, Licht: 0,194319,3,6,4,05,11,6,0,0,0,1,0,0
"POINT (9.820558016000064 52.322982476000050)",Unfall 194324 (2020) Kat:3, Licht: 0,194324,3,2,0,05,15,5,0,0,1,1,0,0
"POINT (9.748828345000050 52.373440487000039)",Unfall 194326 (2020) Kat:3, Licht: 0,194326,3,2,0,04,13,2,0,0,1,0,0,0
"POINT (9.974428713000066 52.377790925000056)",Unfall 194331 (2020) Kat:1, Licht: 0,194331,1,5,0,05,11,2,0,0,1,1,0,0
"POINT (9.797066105000056 52.408490271000062)",Unfall 194332 (2020) Kat:3, Licht: 0,194332,3,7,6,05,15,6,0,0,0,1,1,0
"POINT (9.763470511000037 52.368830923000075)",Unfall 194352 (2020) Kat:3, Licht: 0,194352,3,2,3,05,13,3,0,0,1,1,0,0
"POINT (9.781332448000057 52.361196209000070)",Unfall 194359 (2020) Kat:3, Licht: 0,194359,3,6,2,05,10,4,0,0,0,1,0,0
"POINT (9.786513569000022 52.397876374000077)",Unfall 194371 (2020) Kat:3, Licht: 1,194371,3,5,0,05,20,2,0,1,0,1,0,0
"POINT (9.964547954000068 52.364840602000072)",Unfall 194376 (2020) Kat:3, Licht: 0,194376,3,7,0,05,12,5,0,0,0,1,0,0
"POINT (9.461055730000055 52.422303601000067)",Unfall 194378 (2020) Kat:3, Licht: 0,194378,3,3,5,04,14,2,0,0,0,1,0,0
"POINT (9.766096250000032 52.353381144000082)",Unfall 194383 (2020) Kat:3, Licht: 0,194383,3,1,0,05,06,2,1,0,1,0,0,0
"POINT (9.787464448000037 52.374230012000055)",Unfall 194384 (2020) Kat:2, Licht: 0,194384,2,2,5,05,18,6,0,0,1,1,0,0
"POINT (9.698337069000047 52.335720449000064)",Unfall 194387 (2020) Kat:2, Licht: 0,194387,2,2,5,05,12,6,0,0,0,1,0,0
"POINT (9.739875676000054 52.362151753000035)",Unfall 194393 (2020) Kat:3, Licht: 1,194393,3,7,0,04,19,3,0,1,0,1,0,0
"POINT (9.727898601000049 52.400223670000059)",Unfall 194398 (2020) Kat:3, Licht: 0,194398,3,3,5,04,17,3,0,0,1,1,0,0
"POINT (9.733885091000047 52.325172675000033)",Unfall 194401 (2020) Kat:3, Licht: 0,194401,3,3,0,04,07,3,0,0,1,1,0,0
"POINT (9.738090909000050 52.381838985000059)",Unfall 194402 (2020) Kat:3, Licht: 0,194402,3,2,5,05,12,3,0,0,1,1,0,0
"POINT (9.742012624000040 52.397783342000082)",Unfall 194405 (2020) Kat:2, Licht: 0,194405,2,1,0,04,09,3,0,0,1,0,0,0
"POINT (9.725592017000054 52.397847173000059)",Unfall 194408 (2020) Kat:3, Licht: 0,194408,3,2,5,05,15,1,0,0,0,1,0,1
"POINT (9.693413481000050 52.392495954000026)",Unfall 194411 (2020) Kat:3, Licht: 0,194411,3,1,0,05,17,4,0,0,1,0,0,0
"POINT (9.724354919000064 52.385547125000073)",Unfall 194412 (2020) Kat:3, Licht: 0,194412,3,6,2,04,16,1,0,0,1,0,0,0
"POINT (9.680728676000058 52.416145086000029)",Unfall 194426 (2020) Kat:3, Licht: 0,194426,3,3,5,05,11,7,1,0,1,1,0,0
"POINT (9.840772938000043 52.420887705000041)",Unfall 194433 (2020) Kat:3, Licht: 0,194433,3,3,5,05,18,4,0,0,1,1,0,0
"POINT (9.720394069000065 52.363342011000043)",Unfall 194436 (2020) Kat:3, Licht: 0,194436,3,7,0,05,09,4,0,0,1,0,0,0
"POINT (9.677109359000042 52.396051531000069)",Unfall 194437 (2020) Kat:3, Licht: 1,194437,3,1,0,05,21,5,0,1,1,0,0,0
"POINT (9.757552649000047 52.378480395000054)",Unfall 194451 (2020) Kat:3, Licht: 0,194451,3,3,5,05,08,3,0,0,1,0,0,0
"POINT (9.660032972000067 52.406615972000054)",Unfall 194456 (2020) Kat:3, Licht: 2,194456,3,3,5,05,22,4,0,2,0,1,0,0
"POINT (9.712100667000073 52.342189328000075)",Unfall 194468 (2020) Kat:3, Licht: 0,194468,3,2,2,05,14,2,0,0,0,1,0,0
"POINT (9.668324460000065 52.400547852000045)",Unfall 194470 (2020) Kat:2, Licht: 1,194470,2,6,6,05,21,1,0,1,1,0,1,0
"POINT (9.473497027000065 52.427647981000064)",Unfall 194473 (2020) Kat:3, Licht: 0,194473,3,2,2,05,18,4,0,0,0,1,0,1
"POINT (9.709887126000069 52.372619428000064)",Unfall 194474 (2020) Kat:3, Licht: 0,194474,3,6,3,05,11,2,0,0,1,1,0,0
"POINT (9.748819032000029 52.396804826000050)",Unfall 194482 (2020) Kat:3, Licht: 0,194482,3,2,4,05,18,7,0,0,1,1,0,0
"POINT (9.678322103000028 52.365710289000049)",Unfall 194486 (2020) Kat:3, Licht: 0,194486,3,2,4,05,16,3,0,0,0,1,0,0
"POINT (9.724199352000028 52.397701896000058)",Unfall 194487 (2020) Kat:3, Licht: 0,194487,3,4,6,05,12,4,0,0,0,1,1,0
"POINT (9.896976559000052 52.280214410000042)",Unfall 194488 (2020) Kat:3, Licht: 0,194488,3,7,0,05,11,5,0,0,1,0,0,0
"POINT (9.767638256000055 52.411334980000049)",Unfall 194494 (2020) Kat:3, Licht: 2,194494,3,7,0,05,22,3,0,2,1,0,0,0
"POINT (9.716977884000073 52.335558620000029)",Unfall 194497 (2020) Kat:3, Licht: 0,194497,3,7,0,05,09,5,0,0,1,0,0,0
"POINT (9.747191108000038 52.353170806000037)",Unfall 194500 (2020) Kat:3, Licht: 2,194500,3,1,0,05,21,5,0,2,1,0,0,0
"POINT (9.721199562000038 52.360749943000030)",Unfall 194518 (2020) Kat:3, Licht: 0,194518,3,7,1,05,15,1,0,0,1,0,0,0
"POINT (10.127618361000032 52.362343763000069)",Unfall 194519 (2020) Kat:2, Licht: 0,194519,2,1,8,05,14,1,0,0,0,0,0,0
"POINT (9.625663268000039 52.256764185000065)",Unfall 194522 (2020) Kat:3, Licht: 0,194522,3,1,0,05,12,4,0,0,1,0,0,0
"POINT (9.762029766000069 52.521337168000059)",Unfall 194523 (2020) Kat:3, Licht: 0,194523,3,5,1,05,16,1,0,0,1,1,0,0
"POINT (9.763456136000059 52.400702559000081)",Unfall 194524 (2020) Kat:3, Licht: 0,194524,3,2,5,05,13,3,0,0,1,0,0,0
"POINT (9.690867864000040 52.364902050000069)",Unfall 194525 (2020) Kat:3, Licht: 0,194525,3,6,4,05,14,4,0,0,1,1,0,0
"POINT (9.714345965000064 52.409000560000038)",Unfall 194527 (2020) Kat:3, Licht: 0,194527,3,3,5,05,19,4,0,0,0,1,0,0
"POINT (9.750556574000029 52.388558559000046)",Unfall 194528 (2020) Kat:3, Licht: 2,194528,3,1,0,05,21,1,0,2,1,0,0,0
"POINT (9.718593913000063 52.373781163000046)",Unfall 194529 (2020) Kat:3, Licht: 0,194529,3,2,5,05,17,3,0,0,1,0,0,0
"POINT (9.797747727000058 52.420423803000062)",Unfall 194534 (2020) Kat:3, Licht: 0,194534,3,3,5,05,12,4,0,0,1,1,0,0
"POINT (9.815265440000076 52.360804253000026)",Unfall 194535 (2020) Kat:3, Licht: 0,194535,3,7,1,05,16,7,0,0,0,1,1,0
"POINT (9.737404004000041 52.372063002000061)",Unfall 194539 (2020) Kat:3, Licht: 0,194539,3,7,6,05,17,3,0,0,0,1,1,0
"POINT (9.773343531000023 52.350849559000039)",Unfall 194540 (2020) Kat:3, Licht: 0,194540,3,7,0,05,15,5,0,0,1,0,0,0
"POINT (9.801780980000046 52.420167747000050)",Unfall 194542 (2020) Kat:3, Licht: 0,194542,3,4,6,05,13,4,0,0,0,1,1,0
"POINT (9.753284753000060 52.382880562000082)",Unfall 194543 (2020) Kat:2, Licht: 1,194543,2,3,0,05,20,5,0,1,1,0,0,0
"POINT (9.836761947000070 52.420865988000060)",Unfall 194544 (2020) Kat:3, Licht: 0,194544,3,6,2,05,14,2,0,0,0,1,0,0
"POINT (9.610277050000036 52.423763439000027)",Unfall 194545 (2020) Kat:3, Licht: 0,194545,3,1,0,05,13,4,0,0,1,0,0,0
"POINT (10.017869874000041 52.444474353000032)",Unfall 194554 (2020) Kat:3, Licht: 0,194554,3,3,5,05,15,4,0,0,1,1,0,0
"POINT (9.760700741000051 52.332567526000048)",Unfall 194562 (2020) Kat:3, Licht: 0,194562,3,3,5,05,14,3,0,0,1,1,0,0
"POINT (9.668173782000054 52.415396000000044)",Unfall 194566 (2020) Kat:3, Licht: 0,194566,3,3,5,05,12,4,0,0,1,1,0,0
"POINT (9.480357734000052 52.304993180000054)",Unfall 194570 (2020) Kat:3, Licht: 0,194570,3,7,0,05,13,3,0,0,1,0,0,0
"POINT (9.816509451000059 52.356866439000044)",Unfall 194575 (2020) Kat:3, Licht: 0,194575,3,1,0,05,06,1,0,0,1,0,0,0
"POINT (9.764330852000057 52.338704925000059)",Unfall 194580 (2020) Kat:3, Licht: 0,194580,3,5,1,05,18,1,0,0,1,1,0,0
"POINT (9.752333911000051 52.377693099000055)",Unfall 194583 (2020) Kat:3, Licht: 0,194583,3,7,4,05,08,4,0,0,1,1,0,0
"POINT (9.741626415000042 52.383847986000035)",Unfall 194591 (2020) Kat:3, Licht: 0,194591,3,7,0,05,10,7,0,0,0,1,0,0
"POINT (9.778454670000031 52.332726443000070)",Unfall 194592 (2020) Kat:3, Licht: 0,194592,3,5,1,05,18,5,0,0,0,1,0,0
"POINT (9.742908259000046 52.384410972000069)",Unfall 194595 (2020) Kat:3, Licht: 0,194595,3,2,0,05,10,4,0,0,1,0,0,0
"POINT (9.745040289000031 52.368457704000036)",Unfall 194598 (2020) Kat:3, Licht: 0,194598,3,7,6,05,12,4,0,0,0,1,1,0
"POINT (9.723059274000036 52.375995956000054)",Unfall 194599 (2020) Kat:3, Licht: 1,194599,3,7,0,05,20,5,0,1,1,0,0,0
"POINT (9.800415354000052 52.306184029000065)",Unfall 194603 (2020) Kat:3, Licht: 2,194603,3,7,0,05,23,7,0,2,1,1,0,0
"POINT (9.664000825000073 52.356307229000038)",Unfall 194606 (2020) Kat:3, Licht: 0,194606,3,4,6,05,11,7,0,0,0,1,1,0
"POINT (9.756076509000025 52.354930020000040)",Unfall 194610 (2020) Kat:3, Licht: 0,194610,3,6,6,05,19,7,0,0,1,0,1,0
"POINT (9.748762101000068 52.462336128000061)",Unfall 194611 (2020) Kat:3, Licht: 0,194611,3,7,0,05,12,5,0,0,1,0,0,0
"POINT (9.783374848000051 52.398402395000062)",Unfall 194614 (2020) Kat:3, Licht: 0,194614,3,6,2,05,14,7,0,0,0,1,0,0
"POINT (9.487181621000048 52.304635629000074)",Unfall 194617 (2020) Kat:3, Licht: 0,194617,3,7,0,05,15,7,0,0,1,0,0,0
"POINT (9.712096235000047 52.378933472000028)",Unfall 194622 (2020) Kat:3, Licht: 1,194622,3,6,3,05,21,4,0,1,1,0,0,0
"POINT (9.632204948000037 52.446671340000080)",Unfall 194623 (2020) Kat:3, Licht: 2,194623,3,1,8,05,21,7,0,2,0,1,0,0