WKT,Name,OBJECTID,UKATEGORIE,UTYP1,UART,UMONAT,USTUNDE,UWOCHENTAG,STRZUSTAND,ULICHTVERH,ISTRAD,ISTPKW,ISTFUSS,ISTKRAD
"POINT (9.753546508000056 52.353430090000074)",Unfall 194626 (2020) Kat:3, Licht: 1,194626,3,7,0,05,20,7,0,1,1,0,0,0
"POINT (9.758123385000033 52.312624098000072)",Unfall 194630 (2020) Kat:2, Licht: 0,194630,2,1,0,05,15,7,0,0,1,0,0,0
"POINT (9.729151452000053 52.398291795000034)",Unfall 194632 (2020) Kat:2, Licht: 0,194632,2,3,5,05,17,1,0,0,0,1,0,1
"POINT (9.556106638000074 52.207790777000071)",Unfall 194636 (2020) Kat:3, Licht: 0,194636,3,3,5,05,12,4,0,0,1,1,0,0
"POINT (9.715434198000025 52.400407868000059)",Unfall 194641 (2020) Kat:3, Licht: 0,194641,3,3,4,05,13,2,0,0,1,1,0,0
"POINT (9.734963527000048 52.380284470000049)",Unfall 194647 (2020) Kat:3, Licht: 0,194647,3,2,4,05,16,7,0,0,0,1,0,0
"POINT (9.796720722000032 52.374272139000027)",Unfall 194652 (2020) Kat:3, Licht: 1,194652,3,7,0,05,21,5,0,1,1,0,0,0
"POINT (9.459525554000038 52.505615772000056)",Unfall 194662 (2020) Kat:2, Licht: 0,194662,2,7,0,05,14,5,0,0,1,0,0,0
"POINT (9.716874430000075 52.335163129000080)",Unfall 194672 (2020) Kat:3, Licht: 0,194672,3,6,2,05,15,3,0,0,0,1,0,0
"POINT (9.740442072000064 52.383285783000076)",Unfall 194683 (2020) Kat:3, Licht: 0,194683,3,3,5,05,13,1,0,0,0,1,0,0
"POINT (9.776509200000021 52.400407389000065)",Unfall 194689 (2020) Kat:3, Licht: 0,194689,3,3,5,05,16,4,0,0,0,1,0,0
"POINT (9.722041176000062 52.382386876000055)",Unfall 194698 (2020) Kat:3, Licht: 0,194698,3,4,6,05,19,7,0,0,0,1,1,0
"POINT (9.787029300000029 52.373195146000057)",Unfall 194699 (2020) Kat:3, Licht: 0,194699,3,3,0,05,13,5,0,0,1,1,0,0
"POINT (9.707376412000031 52.431661975000054)",Unfall 194702 (2020) Kat:3, Licht: 0,194702,3,7,0,05,17,5,0,0,1,0,0,0
"POINT (9.765411009000047 52.355793020000078)",Unfall 194704 (2020) Kat:3, Licht: 0,194704,3,2,3,05,11,7,0,0,1,0,0,0
"POINT (9.760235619000071 52.356361021000055)",Unfall 194712 (2020) Kat:3, Licht: 2,194712,3,3,5,05,22,1,1,2,0,1,0,0
"POINT (9.855797530000075 52.394577137000056)",Unfall 194715 (2020) Kat:3, Licht: 0,194715,3,1,0,05,18,1,1,0,0,0,0,1
"POINT (9.597894088000032 52.446551180000029)",Unfall 194721 (2020) Kat:2, Licht: 0,194721,2,1,9,05,14,1,0,0,0,0,0,1
"POINT (9.667387028000064 52.373128826000027)",Unfall 194724 (2020) Kat:3, Licht: 0,194724,3,3,5,05,11,1,0,0,1,1,0,0
"POINT (9.357554648000075 52.413257450000060)",Unfall 194727 (2020) Kat:3, Licht: 0,194727,3,1,8,05,18,1,0,0,1,0,0,0
"POINT (9.827027137000073 52.353386590000071)",Unfall 194738 (2020) Kat:3, Licht: 0,194738,3,3,5,05,09,6,0,0,0,1,0,0
"POINT (9.745827026000029 52.354771943000060)",Unfall 194739 (2020) Kat:3, Licht: 0,194739,3,5,1,05,16,6,0,0,0,1,0,0
"POINT (9.763173534000032 52.516964553000037)",Unfall 194741 (2020) Kat:3, Licht: 2,194741,3,7,8,06,01,2,0,2,1,0,0,0
"POINT (9.772298185000068 52.366018056000030)",Unfall 194742 (2020) Kat:3, Licht: 0,194742,3,3,5,05,15,6,0,0,1,1,0,0
"POINT (9.773598408000055 52.335477816000036)",Unfall 194743 (2020) Kat:3, Licht: 0,194743,3,3,5,05,16,6,0,0,1,1,0,0
"POINT (9.718780332000051 52.385984518000043)",Unfall 194744 (2020) Kat:3, Licht: 0,194744,3,5,1,05,17,6,0,0,1,1,0,0
"POINT (9.760569746000044 52.412358530000063)",Unfall 194745 (2020) Kat:3, Licht: 0,194745,3,3,5,05,17,6,0,0,1,0,0,0
"POINT (9.756432738000058 52.410898619000079)",Unfall 194748 (2020) Kat:3, Licht: 0,194748,3,3,5,05,06,6,0,0,1,1,0,0
"POINT (9.727487330000031 52.380087546000027)",Unfall 194749 (2020) Kat:3, Licht: 0,194749,3,3,5,05,17,6,0,0,1,1,0,0
"POINT (9.559040285000037 52.207889014000045)",Unfall 194752 (2020) Kat:3, Licht: 0,194752,3,1,0,05,19,6,0,0,0,0,0,1
"POINT (9.466290351000055 52.306132342000069)",Unfall 194753 (2020) Kat:3, Licht: 0,194753,3,3,5,05,19,6,0,0,1,1,0,0
"POINT (9.961806611000043 52.389548656000045)",Unfall 194754 (2020) Kat:3, Licht: 0,194754,3,3,5,05,06,6,0,0,0,1,0,0
"POINT (9.733238617000040 52.442756711000072)",Unfall 194755 (2020) Kat:3, Licht: 0,194755,3,3,5,05,16,6,0,0,1,1,0,0
"POINT (9.689526279000063 52.364809741000045)",Unfall 194769 (2020) Kat:3, Licht: 0,194769,3,7,0,05,17,7,0,0,1,0,0,0
"POINT (9.724988357000029 52.397735889000046)",Unfall 194772 (2020) Kat:3, Licht: 0,194772,3,3,5,05,18,7,0,0,1,1,0,0
"POINT (9.758620122000025 52.451261837000061)",Unfall 194776 (2020) Kat:3, Licht: 0,194776,3,1,0,05,15,7,1,0,1,0,0,0
"POINT (9.524039681000033 52.264935667000032)",Unfall 194782 (2020) Kat:2, Licht: 0,194782,2,1,0,05,18,1,0,0,1,0,0,0
"POINT (9.694792921000044 52.404884391000053)",Unfall 194785 (2020) Kat:3, Licht: 0,194785,3,6,4,05,16,1,0,0,1,0,0,0
"POINT (9.750374723000050 52.375227002000031)",Unfall 194792 (2020) Kat:3, Licht: 2,194792,3,7,0,06,22,2,0,2,0,0,0,0
"POINT (9.712708585000030 52.360753340000031)",Unfall 194794 (2020) Kat:3, Licht: 0,194794,3,7,0,05,12,5,0,0,1,0,0,0
"POINT (9.670903795000072 52.386803291000035)",Unfall 194795 (2020) Kat:3, Licht: 0,194795,3,5,5,05,11,5,0,0,0,1,0,0
"POINT (9.819663113000047 52.331362522000063)",Unfall 194796 (2020) Kat:3, Licht: 0,194796,3,2,4,05,19,5,0,0,0,1,0,0
"POINT (9.743078569000033 52.389557371000080)",Unfall 194799 (2020) Kat:3, Licht: 0,194799,3,5,1,05,15,5,0,0,1,1,0,0
"POINT (9.737442550000026 52.372160555000050)",Unfall 194800 (2020) Kat:3, Licht: 0,194800,3,5,1,05,20,5,0,0,1,1,0,0
"POINT (9.734987636000028 52.370084780000070)",Unfall 194801 (2020) Kat:3, Licht: 0,194801,3,2,3,05,18,5,0,0,1,1,0,0
"POINT (9.709467296000071 52.463908116000027)",Unfall 194804 (2020) Kat:3, Licht: 0,194804,3,7,9,05,06,5,0,0,0,0,0,0
"POINT (9.806317596000042 52.417213886000070)",Unfall 194805 (2020) Kat:3, Licht: 0,194805,3,2,0,05,17,5,0,0,1,0,0,0
"POINT (9.783981124000036 52.340649633000055)",Unfall 194807 (2020) Kat:2, Licht: 0,194807,2,3,5,05,08,5,0,0,0,1,0,0
"POINT (9.714272959000027 52.371294981000062)",Unfall 194839 (2020) Kat:3, Licht: 2,194839,3,1,0,05,01,1,0,2,0,0,0,0
"POINT (9.743854632000023 52.357135017000076)",Unfall 194848 (2020) Kat:3, Licht: 0,194848,3,2,5,06,10,2,0,0,1,1,0,0
"POINT (9.966265054000076 52.378263644000072)",Unfall 194853 (2020) Kat:3, Licht: 0,194853,3,3,5,06,15,2,0,0,1,0,0,0
"POINT (9.735682543000053 52.384277688000054)",Unfall 194859 (2020) Kat:3, Licht: 0,194859,3,1,8,05,07,7,0,0,0,1,0,0
"POINT (9.754270437000059 52.389486910000073)",Unfall 194860 (2020) Kat:3, Licht: 0,194860,3,4,6,05,18,4,0,0,1,0,1,0
"POINT (9.754366554000058 52.368287842000029)",Unfall 194861 (2020) Kat:3, Licht: 0,194861,3,7,5,05,17,4,0,0,0,1,0,1
"POINT (9.670886436000046 52.377139798000030)",Unfall 194865 (2020) Kat:3, Licht: 0,194865,3,3,5,05,13,4,0,0,1,1,0,0
"POINT (9.826110787000062 52.293493536000028)",Unfall 194866 (2020) Kat:3, Licht: 0,194866,3,3,5,05,11,4,0,0,1,1,0,0
"POINT (9.767725308000024 52.336852314000055)",Unfall 194867 (2020) Kat:3, Licht: 0,194867,3,5,1,05,18,4,0,0,1,1,0,0
"POINT (9.717632726000034 52.392207251000059)",Unfall 194868 (2020) Kat:3, Licht: 0,194868,3,7,1,05,13,4,0,0,1,1,0,0
"POINT (9.742434045000039 52.378872106000074)",Unfall 194869 (2020) Kat:3, Licht: 0,194869,3,7,0,05,10,4,0,0,1,0,0,0
"POINT (9.820047850000037 52.290519576000065)",Unfall 194871 (2020) Kat:3, Licht: 0,194871,3,7,0,05,18,7,0,0,1,0,0,0
"POINT (9.749207349000074 52.398636494000073)",Unfall 194872 (2020) Kat:2, Licht: 0,194872,2,1,0,05,20,4,0,0,1,0,0,0
"POINT (9.687397336000061 52.392575958000066)",Unfall 194873 (2020) Kat:3, Licht: 0,194873,3,6,3,05,10,4,0,0,0,1,0,1
"POINT (9.692390245000070 52.409546582000075)",Unfall 194892 (2020) Kat:3, Licht: 0,194892,3,6,2,05,16,6,0,0,0,1,0,0
"POINT (9.741988456000058 52.359312063000061)",Unfall 194895 (2020) Kat:3, Licht: 0,194895,3,6,4,05,19,1,0,0,1,0,1,0
"POINT (9.716534565000075 52.335506763000069)",Unfall 194899 (2020) Kat:3, Licht: 0,194899,3,6,2,05,15,6,0,0,1,1,0,0
"POINT (9.581379668000068 52.276599752000038)",Unfall 194902 (2020) Kat:3, Licht: 0,194902,3,2,5,05,13,6,0,0,0,1,0,0
"POINT (9.977687775000049 52.376194842000075)",Unfall 194905 (2020) Kat:3, Licht: 0,194905,3,6,3,05,11,6,0,0,1,0,0,0
"POINT (9.785241483000050 52.344123153000055)",Unfall 194906 (2020) Kat:3, Licht: 0,194906,3,6,0,06,17,2,0,0,1,0,0,0
"POINT (9.749345025000025 52.399604765000049)",Unfall 194912 (2020) Kat:3, Licht: 0,194912,3,7,4,05,18,6,0,0,1,1,0,0
"POINT (9.434628840000073 52.423238408000032)",Unfall 194913 (2020) Kat:3, Licht: 1,194913,3,5,1,05,20,7,0,1,1,1,0,0
"POINT (9.980145814000025 52.326219648000063)",Unfall 194917 (2020) Kat:3, Licht: 0,194917,3,1,9,05,16,7,0,0,0,1,0,0
"POINT (9.801015308000046 52.429360089000056)",Unfall 194921 (2020) Kat:3, Licht: 0,194921,3,3,5,05,08,3,0,0,1,1,0,0
"POINT (9.750839559000042 52.375997566000080)",Unfall 194922 (2020) Kat:3, Licht: 0,194922,3,6,2,05,12,3,0,0,0,1,0,0
"POINT (9.714490390000037 52.371386995000080)",Unfall 194923 (2020) Kat:3, Licht: 0,194923,3,2,3,05,15,3,0,0,0,1,0,0
"POINT (9.837270767000064 52.396932962000051)",Unfall 194924 (2020) Kat:3, Licht: 0,194924,3,3,5,05,14,3,0,0,1,1,0,0
"POINT (9.827763406000031 52.428170762000036)",Unfall 194926 (2020) Kat:3, Licht: 0,194926,3,3,5,05,10,7,0,0,0,1,0,0
"POINT (9.834707910000077 52.384782401000052)",Unfall 194927 (2020) Kat:3, Licht: 0,194927,3,5,0,05,12,3,0,0,1,0,0,0
"POINT (9.675283938000064 52.237790363000045)",Unfall 194929 (2020) Kat:3, Licht: 0,194929,3,3,5,05,16,3,0,0,1,1,0,0
"POINT (9.739434686000038 52.343919594000056)",Unfall 194932 (2020) Kat:3, Licht: 1,194932,3,7,0,05,21,3,0,1,1,0,0,0
"POINT (9.700485381000021 52.424087947000032)",Unfall 194944 (2020) Kat:3, Licht: 0,194944,3,7,0,06,13,2,0,0,1,0,0,0
"POINT (9.848023479000062 52.472198333000051)",Unfall 194950 (2020) Kat:2, Licht: 0,194950,2,3,5,05,19,1,0,0,1,1,0,0
"POINT (9.740786332000027 52.380487739000046)",Unfall 194957 (2020) Kat:3, Licht: 0,194957,3,6,2,06,15,2,0,0,0,1,0,0
"POINT (9.614321654000037 52.419444488000067)",Unfall 194961 (2020) Kat:3, Licht: 0,194961,3,7,0,05,14,2,0,0,1,0,0,0
"POINT (9.697566702000074 52.391979495000044)",Unfall 194962 (2020) Kat:3, Licht: 0,194962,3,2,2,05,17,1,0,0,1,0,0,0
"POINT (9.712665506000064 52.343801223000071)",Unfall 194963 (2020) Kat:3, Licht: 0,194963,3,7,0,05,17,2,0,0,1,0,0,0
"POINT (9.707416671000033 52.373868664000042)",Unfall 194964 (2020) Kat:3, Licht: 0,194964,3,5,1,05,16,2,0,0,1,1,0,0
"POINT (9.723064089000047 52.337424464000037)",Unfall 194965 (2020) Kat:3, Licht: 0,194965,3,6,2,05,17,2,0,0,0,1,0,0
"POINT (9.731345534000070 52.406801529000063)",Unfall 194967 (2020) Kat:2, Licht: 0,194967,2,5,1,05,14,7,0,0,0,1,0,0
"POINT (9.636206214000026 52.559544623000079)",Unfall 194968 (2020) Kat:3, Licht: 0,194968,3,7,0,05,19,2,0,0,0,1,0,1
"POINT (9.764102470000069 52.261655185000052)",Unfall 194985 (2020) Kat:3, Licht: 0,194985,3,7,1,06,14,3,0,0,0,1,0,1
"POINT (9.672123400000032 52.336736332000044)",Unfall 194988 (2020) Kat:3, Licht: 0,194988,3,3,5,06,13,5,0,0,1,0,0,0
"POINT (9.487306936000039 52.304721193000034)",Unfall 194991 (2020) Kat:3, Licht: 0,194991,3,7,0,06,13,4,0,0,0,0,0,0
"POINT (9.738137400000028 52.445482977000040)",Unfall 194992 (2020) Kat:3, Licht: 0,194992,3,3,5,06,16,7,0,0,1,1,0,0
"POINT (9.786195435000025 52.398940526000047)",Unfall 194998 (2020) Kat:3, Licht: 0,194998,3,3,5,06,15,3,0,0,1,0,0,0
"POINT (9.801831925000045 52.409708412000043)",Unfall 195000 (2020) Kat:2, Licht: 0,195000,2,7,0,06,11,5,0,0,1,0,0,0
"POINT (9.713638813000046 52.354644535000034)",Unfall 195011 (2020) Kat:2, Licht: 0,195011,2,1,8,06,18,1,0,0,1,0,0,0
"POINT (9.689051513000038 52.377141500000050)",Unfall 195019 (2020) Kat:3, Licht: 0,195019,3,3,0,06,16,5,1,0,1,0,0,0
"POINT (9.589220450000028 52.418311966000033)",Unfall 195025 (2020) Kat:3, Licht: 0,195025,3,2,2,06,17,6,1,0,0,1,0,0
"POINT (9.740496599000039 52.374107517000027)",Unfall 195027 (2020) Kat:3, Licht: 0,195027,3,3,5,06,10,3,0,0,1,1,0,0
"POINT (9.722600173000046 52.369803842000067)",Unfall 195032 (2020) Kat:3, Licht: 0,195032,3,6,6,06,16,2,0,0,0,1,1,0
"POINT (9.470865122000021 52.315757648000044)",Unfall 195039 (2020) Kat:3, Licht: 0,195039,3,3,5,06,14,3,0,0,1,1,0,0
"POINT (9.673188982000056 52.368183880000061)",Unfall 195041 (2020) Kat:2, Licht: 0,195041,2,4,6,06,17,5,0,0,0,1,1,0
"POINT (9.733830628000021 52.586215206000077)",Unfall 195047 (2020) Kat:3, Licht: 0,195047,3,7,7,06,20,2,0,0,1,0,0,0
"POINT (9.746505888000058 52.381163617000027)",Unfall 195050 (2020) Kat:3, Licht: 0,195050,3,5,1,06,16,7,0,0,1,1,0,0
"POINT (9.827404802000046 52.329782577000060)",Unfall 195053 (2020) Kat:3, Licht: 0,195053,3,1,0,06,13,3,0,0,1,0,0,0
"POINT (9.656685691000064 52.407297943000060)",Unfall 195060 (2020) Kat:3, Licht: 0,195060,3,2,3,06,13,5,1,0,0,1,0,0
"POINT (9.710476969000069 52.367315627000039)",Unfall 195067 (2020) Kat:3, Licht: 0,195067,3,1,0,06,13,1,0,0,1,0,0,0
"POINT (9.736508356000059 52.386867535000079)",Unfall 195071 (2020) Kat:3, Licht: 0,195071,3,7,2,06,10,5,1,0,1,1,0,0
"POINT (9.768316156000026 52.335938190000036)",Unfall 195086 (2020) Kat:3, Licht: 0,195086,3,7,0,06,20,2,0,0,1,0,0,0
"POINT (9.714642429000037 52.403784315000053)",Unfall 195088 (2020) Kat:3, Licht: 0,195088,3,2,3,06,17,4,0,0,1,0,0,0
"POINT (9.788545389000035 52.332837603000030)",Unfall 195096 (2020) Kat:3, Licht: 0,195096,3,7,0,06,15,3,0,0,0,0,0,0
"POINT (9.741621083000041 52.375612933000070)",Unfall 195099 (2020) Kat:3, Licht: 0,195099,3,3,5,06,11,5,0,0,1,1,0,0
"POINT (9.826313516000027 52.297628540000062)",Unfall 195101 (2020) Kat:3, Licht: 0,195101,3,6,3,06,16,3,0,0,0,1,0,0
"POINT (9.562670698000034 52.207969706000029)",Unfall 195102 (2020) Kat:3, Licht: 0,195102,3,6,8,06,16,4,0,0,1,0,0,0
"POINT (10.050539114000060 52.396555357000068)",Unfall 195103 (2020) Kat:3, Licht: 0,195103,3,6,2,06,13,7,1,0,0,0,0,0
"POINT (9.693838415000073 52.400622352000028)",Unfall 195108 (2020) Kat:3, Licht: 0,195108,3,6,2,06,11,3,0,0,0,1,0,0
"POINT (9.782955543000071 52.336005395000029)",Unfall 195111 (2020) Kat:3, Licht: 0,195111,3,1,0,06,17,3,1,0,0,0,0,1
"POINT (9.728391057000067 52.389961562000053)",Unfall 195112 (2020) Kat:3, Licht: 1,195112,3,1,0,06,22,3,0,1,1,0,0,0
"POINT (9.751814710000076 52.372355034000066)",Unfall 195113 (2020) Kat:3, Licht: 0,195113,3,3,5,06,13,5,0,0,1,1,0,0
"POINT (9.725560956000038 52.397844075000080)",Unfall 195115 (2020) Kat:3, Licht: 0,195115,3,2,4,06,18,3,0,0,1,1,0,0
"POINT (9.733850735000033 52.374351107000052)",Unfall 195122 (2020) Kat:3, Licht: 0,195122,3,6,0,06,15,3,0,0,1,1,0,0
"POINT (9.467526436000071 52.423805933000040)",Unfall 195123 (2020) Kat:3, Licht: 0,195123,3,1,8,06,10,4,0,0,1,1,0,0
"POINT (9.872885637000024 52.509852026000033)",Unfall 195125 (2020) Kat:3, Licht: 2,195125,3,7,0,06,22,1,0,2,1,0,0,0
"POINT (9.842652068000064 52.410025106000035)",Unfall 195126 (2020) Kat:3, Licht: 0,195126,3,6,4,06,16,3,0,0,0,1,0,0
"POINT (9.796409149000056 52.404830137000033)",Unfall 195129 (2020) Kat:3, Licht: 0,195129,3,7,0,06,13,3,0,0,0,0,0,0
"POINT (9.362827924000044 52.452071113000045)",Unfall 195132 (2020) Kat:3, Licht: 0,195132,3,6,6,06,12,5,0,0,1,0,1,0
"POINT (9.629204483000024 52.394668974000069)",Unfall 195134 (2020) Kat:3, Licht: 0,195134,3,3,5,06,15,3,0,0,1,0,0,0
"POINT (9.511409301000072 52.290090401000043)",Unfall 195135 (2020) Kat:3, Licht: 0,195135,3,1,9,06,18,4,1,0,1,1,0,0
"POINT (9.811765356000024 52.410593286000051)",Unfall 195139 (2020) Kat:3, Licht: 0,195139,3,2,6,06,07,6,0,0,0,1,1,0
"POINT (9.685304723000058 52.394177324000054)",Unfall 195140 (2020) Kat:3, Licht: 0,195140,3,5,2,06,14,3,0,0,0,1,0,0
"POINT (9.611037172000067 52.429766985000072)",Unfall 195144 (2020) Kat:3, Licht: 0,195144,3,3,5,06,14,2,0,0,0,1,0,1
"POINT (9.728214361000028 52.374114252000027)",Unfall 195146 (2020) Kat:3, Licht: 0,195146,3,6,2,06,19,2,0,0,0,1,0,0
"POINT (9.740402262000032 52.448085507000030)",Unfall 195147 (2020) Kat:3, Licht: 0,195147,3,6,2,06,12,3,0,0,0,1,0,0
"POINT (9.835934861000055 52.424157476000062)",Unfall 195148 (2020) Kat:3, Licht: 0,195148,3,6,2,06,09,4,0,0,0,1,0,0
"POINT (9.736497655000051 52.383428712000068)",Unfall 195152 (2020) Kat:2, Licht: 0,195152,2,1,9,06,21,3,0,0,0,0,0,1
"POINT (9.462425797000037 52.507685994000042)",Unfall 195153 (2020) Kat:3, Licht: 0,195153,3,3,5,06,09,3,0,0,0,1,0,1
"POINT (9.740608970000039 52.383377710000048)",Unfall 195154 (2020) Kat:3, Licht: 0,195154,3,7,0,06,10,3,0,0,1,0,0,0
"POINT (9.852118235000035 52.560084949000043)",Unfall 195155 (2020) Kat:3, Licht: 0,195155,3,3,5,06,17,5,0,0,1,1,0,0
"POINT (9.767704559000038 52.410329277000073)",Unfall 195157 (2020) Kat:3, Licht: 0,195157,3,3,5,06,08,3,0,0,1,1,0,0
"POINT (9.711263122000048 52.444103356000028)",Unfall 195158 (2020) Kat:3, Licht: 0,195158,3,6,2,06,08,4,0,0,0,1,0,0
"POINT (9.686262537000062 52.361225799000067)",Unfall 195159 (2020) Kat:2, Licht: 0,195159,2,7,8,06,10,7,0,0,0,1,0,0
"POINT (9.763470511000037 52.368830923000075)",Unfall 195164 (2020) Kat:3, Licht: 2,195164,3,1,0,06,00,7,1,2,1,0,0,0
"POINT (9.674269010000046 52.412330337000071)",Unfall 195167 (2020) Kat:3, Licht: 0,195167,3,2,5,06,14,3,0,0,0,1,0,1
"POINT (9.722438021000073 52.372940779000032)",Unfall 195169 (2020) Kat:3, Licht: 0,195169,3,1,0,06,08,5,0,0,1,0,0,0
"POINT (9.668169834000025 52.415423605000058)",Unfall 195186 (2020) Kat:3, Licht: 0,195186,3,3,5,06,11,5,1,0,1,1,0,0
"POINT (9.691200041000059 52.384269772000039)",Unfall 195189 (2020) Kat:3, Licht: 0,195189,3,1,8,06,16,4,0,0,1,0,0,0
"POINT (9.694446726000024 52.353035132000059)",Unfall 195192 (2020) Kat:3, Licht: 0,195192,3,6,2,06,08,6,0,0,0,0,0,0
"POINT (9.781591150000054 52.417647176000060)",Unfall 195193 (2020) Kat:3, Licht: 0,195193,3,2,2,06,11,4,0,0,0,1,0,0
"POINT (9.752536046000046 52.392370472000039)",Unfall 195195 (2020) Kat:3, Licht: 0,195195,3,1,0,06,13,1,0,0,1,0,0,0
"POINT (9.756072120000056 52.415625629000033)",Unfall 195199 (2020) Kat:3, Licht: 0,195199,3,7,0,06,15,2,0,0,1,0,0,0
"POINT (10.066721013000063 52.398251924000078)",Unfall 195205 (2020) Kat:3, Licht: 0,195205,3,3,5,06,17,3,0,0,1,0,0,0
"POINT (9.747761957000023 52.395351453000046)",Unfall 195207 (2020) Kat:3, Licht: 0,195207,3,2,5,06,21,5,0,0,1,1,0,0
"POINT (9.707864744000062 52.372122218000072)",Unfall 195209 (2020) Kat:3, Licht: 0,195209,3,1,0,06,14,3,0,0,1,0,0,0
"POINT (9.717574611000032 52.332438055000068)",Unfall 195212 (2020) Kat:3, Licht: 0,195212,3,6,3,06,16,5,0,0,1,0,0,0
"POINT (9.738105163000057 52.381828226000039)",Unfall 195213 (2020) Kat:3, Licht: 0,195213,3,7,0,06,14,2,0,0,1,0,0,0
"POINT (9.809613902000024 52.398032407000073)",Unfall 195215 (2020) Kat:3, Licht: 0,195215,3,3,5,06,16,4,0,0,0,1,0,0
"POINT (9.731526236000036 52.553043852000030)",Unfall 195216 (2020) Kat:3, Licht: 2,195216,3,1,9,06,23,7,1,2,0,1,0,0
"POINT (9.756377538000038 52.413997018000032)",Unfall 195234 (2020) Kat:3, Licht: 2,195234,3,5,1,06,21,1,0,2,0,1,0,0
"POINT (9.709161322000057 52.400906314000053)",Unfall 195239 (2020) Kat:3, Licht: 0,195239,3,5,1,06,12,2,0,0,1,0,0,0
"POINT (9.840443807000042 52.394329656000082)",Unfall 195241 (2020) Kat:3, Licht: 0,195241,3,3,6,06,11,5,0,0,0,1,1,0
"POINT (9.733502789000056 52.369212847000028)",Unfall 195248 (2020) Kat:3, Licht: 0,195248,3,3,5,06,17,6,0,0,1,1,0,0
"POINT (9.465725137000050 52.504196718000060)",Unfall 195252 (2020) Kat:3, Licht: 0,195252,3,6,2,06,13,2,0,0,0,1,0,0
"POINT (9.973163789000068 52.380264884000042)",Unfall 195257 (2020) Kat:3, Licht: 0,195257,3,7,0,06,08,6,0,0,1,0,0,0
"POINT (9.809183281000060 52.391071024000041)",Unfall 195274 (2020) Kat:3, Licht: 1,195274,3,4,0,06,21,5,0,1,1,0,1,0
"POINT (9.756272468000077 52.342697106000060)",Unfall 195276 (2020) Kat:3, Licht: 0,195276,3,3,5,06,07,5,0,0,1,1,0,0
"POINT (9.734088096000050 52.391830723000055)",Unfall 195278 (2020) Kat:3, Licht: 0,195278,3,7,0,06,18,5,0,0,1,0,0,0
"POINT (9.706827233000070 52.407848031000071)",Unfall 195279 (2020) Kat:3, Licht: 0,195279,3,3,5,06,11,5,0,0,0,1,0,1
"POINT (9.839092247000053 52.490768670000080)",Unfall 195283 (2020) Kat:3, Licht: 0,195283,3,6,3,06,10,6,0,0,0,1,0,0
"POINT (9.861878165000064 52.491991684000027)",Unfall 195294 (2020) Kat:3, Licht: 0,195294,3,1,0,06,07,6,0,0,1,0,0,0
"POINT (9.753703219000045 52.450615785000082)",Unfall 195302 (2020) Kat:2, Licht: 0,195302,2,1,0,06,12,7,0,0,1,0,0,0
"POINT (9.748098462000030 52.376800375000073)",Unfall 195307 (2020) Kat:3, Licht: 2,195307,3,1,0,06,23,6,0,2,1,0,0,0
"POINT (9.658641846000023 52.429494209000040)",Unfall 195323 (2020) Kat:3, Licht: 0,195323,3,6,4,06,06,4,0,0,1,0,0,0
"POINT (9.738825929000029 52.355976085000066)",Unfall 195325 (2020) Kat:3, Licht: 0,195325,3,2,4,06,12,4,0,0,1,0,0,0
"POINT (9.751891785000055 52.385944200000040)",Unfall 195328 (2020) Kat:3, Licht: 0,195328,3,2,5,06,19,4,0,0,1,1,0,0
"POINT (9.457395305000034 52.503341548000037)",Unfall 195329 (2020) Kat:3, Licht: 0,195329,3,6,2,06,11,4,0,0,0,1,0,0
"POINT (9.850321236000070 52.496961010000064)",Unfall 195330 (2020) Kat:3, Licht: 0,195330,3,7,0,06,10,4,0,0,1,0,0,0
"POINT (9.786713694000071 52.389812117000076)",Unfall 195331 (2020) Kat:3, Licht: 0,195331,3,6,2,06,10,4,0,0,0,1,0,0
"POINT (9.716809167000065 52.381995852000045)",Unfall 195332 (2020) Kat:2, Licht: 0,195332,2,1,0,06,20,4,0,0,0,0,0,1
"POINT (9.747736453000073 52.358251718000076)",Unfall 195333 (2020) Kat:2, Licht: 0,195333,2,1,0,06,13,4,0,0,1,0,0,0