WKT,Name,OBJECTID,UKATEGORIE,UTYP1,UART,UMONAT,USTUNDE,UWOCHENTAG,STRZUSTAND,ULICHTVERH,ISTRAD,ISTPKW,ISTFUSS,ISTKRAD
"POINT (9.796507361000067 52.318439219000027)",Unfall 195341 (2020) Kat:3, Licht: 0,195341,3,1,0,06,16,6,0,0,1,0,0,0
"POINT (9.819323103000045 52.356002627000066)",Unfall 195342 (2020) Kat:3, Licht: 0,195342,3,2,5,06,10,6,0,0,1,0,0,0
"POINT (9.715483245000030 52.382811531000073)",Unfall 195345 (2020) Kat:3, Licht: 0,195345,3,3,5,06,21,6,0,0,1,0,0,0
"POINT (9.757882258000052 52.337038245000031)",Unfall 195349 (2020) Kat:3, Licht: 0,195349,3,3,5,06,10,7,0,0,1,1,0,0
"POINT (9.719961730000023 52.367857305000030)",Unfall 195354 (2020) Kat:3, Licht: 0,195354,3,6,2,06,19,6,0,0,1,1,0,0
"POINT (9.660278648000030 52.241723371000035)",Unfall 195363 (2020) Kat:3, Licht: 0,195363,3,4,0,06,14,6,0,0,0,1,1,0
"POINT (9.606516344000056 52.316564341000060)",Unfall 195366 (2020) Kat:3, Licht: 0,195366,3,3,5,06,14,6,0,0,1,1,0,0
"POINT (9.466836348000072 52.304652608000026)",Unfall 195368 (2020) Kat:3, Licht: 0,195368,3,1,0,06,19,6,1,0,0,0,0,1
"POINT (9.728900138000029 52.479511857000034)",Unfall 195374 (2020) Kat:3, Licht: 0,195374,3,5,1,06,16,6,0,0,1,1,0,0
"POINT (9.907984796000051 52.512382346000038)",Unfall 195377 (2020) Kat:3, Licht: 0,195377,3,1,0,06,16,6,0,0,1,0,0,0
"POINT (9.614782526000056 52.603719397000077)",Unfall 195379 (2020) Kat:2, Licht: 2,195379,2,7,0,06,22,6,0,2,0,1,1,0
"POINT (9.825940149000076 52.377790901000026)",Unfall 195380 (2020) Kat:3, Licht: 0,195380,3,6,2,06,07,3,0,0,1,1,0,0
"POINT (9.738037851000058 52.381092914000078)",Unfall 195381 (2020) Kat:3, Licht: 0,195381,3,7,0,06,10,3,0,0,1,0,0,0
"POINT (9.753321447000076 52.390230338000038)",Unfall 195383 (2020) Kat:3, Licht: 2,195383,3,2,4,06,22,3,0,2,1,1,0,0
"POINT (9.781392158000074 52.408944662000067)",Unfall 195384 (2020) Kat:2, Licht: 0,195384,2,1,0,06,12,3,0,0,1,0,0,0
"POINT (9.414544162000027 52.330839100000048)",Unfall 195390 (2020) Kat:3, Licht: 0,195390,3,5,0,06,13,7,0,0,1,0,0,0
"POINT (9.734845852000035 52.362308972000051)",Unfall 195433 (2020) Kat:3, Licht: 0,195433,3,3,5,06,15,2,0,0,1,0,0,0
"POINT (9.738620244000060 52.390312193000057)",Unfall 195434 (2020) Kat:3, Licht: 0,195434,3,5,0,06,14,2,0,0,1,1,0,0
"POINT (9.448734167000055 52.417240851000031)",Unfall 195436 (2020) Kat:3, Licht: 0,195436,3,2,5,06,20,2,0,0,0,0,0,1
"POINT (9.556197724000072 52.269268038000064)",Unfall 195437 (2020) Kat:2, Licht: 0,195437,2,3,5,06,16,2,0,0,1,1,0,0
"POINT (9.602861257000029 52.441545390000044)",Unfall 195439 (2020) Kat:3, Licht: 0,195439,3,3,5,06,08,2,0,0,1,1,0,0
"POINT (9.741011698000023 52.398781316000054)",Unfall 195441 (2020) Kat:3, Licht: 0,195441,3,3,5,06,19,2,0,0,1,1,0,0
"POINT (9.678045763000057 52.395750055000065)",Unfall 195442 (2020) Kat:3, Licht: 0,195442,3,2,5,06,13,2,0,0,1,0,0,0
"POINT (9.742432534000045 52.376139751000039)",Unfall 195443 (2020) Kat:3, Licht: 0,195443,3,1,0,06,15,6,0,0,1,0,0,0
"POINT (9.755611998000063 52.343835153000043)",Unfall 195444 (2020) Kat:2, Licht: 2,195444,2,1,9,06,00,2,1,2,0,1,0,0
"POINT (9.736057573000039 52.384107503000052)",Unfall 195453 (2020) Kat:3, Licht: 0,195453,3,3,5,06,13,7,0,0,0,1,0,1
"POINT (9.707725650000043 52.373359947000040)",Unfall 195471 (2020) Kat:3, Licht: 0,195471,3,1,0,06,15,1,1,0,1,0,0,0
"POINT (9.805764290000070 52.413306607000038)",Unfall 195472 (2020) Kat:3, Licht: 0,195472,3,2,2,06,17,1,1,0,0,1,0,1
"POINT (9.570580357000040 52.397559687000069)",Unfall 195473 (2020) Kat:3, Licht: 0,195473,3,1,0,06,12,1,0,0,1,0,0,0
"POINT (9.707224610000026 52.433535203000076)",Unfall 195474 (2020) Kat:3, Licht: 0,195474,3,2,6,06,16,1,1,0,0,1,1,0
"POINT (9.799620273000073 52.376593436000064)",Unfall 195497 (2020) Kat:3, Licht: 0,195497,3,2,5,06,14,7,0,0,1,1,0,0
"POINT (9.830925083000068 52.424596806000068)",Unfall 195498 (2020) Kat:3, Licht: 0,195498,3,3,5,06,13,6,0,0,0,1,0,0
"POINT (9.785521938000045 52.330125379000037)",Unfall 195499 (2020) Kat:3, Licht: 0,195499,3,7,0,06,07,7,0,0,1,0,0,0
"POINT (9.747208325000031 52.385317483000051)",Unfall 195501 (2020) Kat:3, Licht: 2,195501,3,7,8,06,00,7,0,2,1,0,0,0
"POINT (9.735225854000021 52.309789423000041)",Unfall 195502 (2020) Kat:3, Licht: 0,195502,3,6,6,06,11,6,0,0,1,0,1,0
"POINT (9.732786433000058 52.344883022000033)",Unfall 195503 (2020) Kat:3, Licht: 0,195503,3,3,5,06,13,7,0,0,1,0,0,0
"POINT (9.762876989000063 52.369642566000039)",Unfall 195509 (2020) Kat:3, Licht: 0,195509,3,6,3,06,08,3,0,0,1,0,0,0
"POINT (9.771853206000060 52.338740652000070)",Unfall 195516 (2020) Kat:3, Licht: 0,195516,3,3,5,06,08,4,0,0,1,1,0,0
"POINT (9.811444379000022 52.359729422000044)",Unfall 195518 (2020) Kat:3, Licht: 0,195518,3,7,1,06,14,6,0,0,0,1,0,0
"POINT (9.775336667000033 52.400297734000048)",Unfall 195526 (2020) Kat:3, Licht: 0,195526,3,3,5,06,16,4,0,0,1,1,0,0
"POINT (9.746430937000071 52.270994551000058)",Unfall 195528 (2020) Kat:2, Licht: 0,195528,2,1,0,06,18,6,0,0,1,0,0,0
"POINT (9.753780505000066 52.390486222000050)",Unfall 195534 (2020) Kat:3, Licht: 0,195534,3,6,2,06,20,3,0,0,0,1,0,0
"POINT (9.720691505000048 52.391053673000044)",Unfall 195536 (2020) Kat:3, Licht: 0,195536,3,7,0,06,09,2,0,0,0,0,1,0
"POINT (9.716032955000060 52.378072104000069)",Unfall 195538 (2020) Kat:3, Licht: 0,195538,3,2,4,06,18,2,0,0,1,1,0,0
"POINT (9.706674983000028 52.373719338000058)",Unfall 195540 (2020) Kat:3, Licht: 0,195540,3,6,4,06,21,2,0,0,1,0,0,0
"POINT (9.781018472000028 52.398303935000058)",Unfall 195546 (2020) Kat:3, Licht: 0,195546,3,7,0,06,20,2,0,0,0,1,0,1
"POINT (9.465075605000038 52.308321298000067)",Unfall 195550 (2020) Kat:3, Licht: 0,195550,3,3,5,06,14,2,0,0,1,1,0,0
"POINT (9.745487023000067 52.367369236000059)",Unfall 195552 (2020) Kat:3, Licht: 0,195552,3,3,5,06,20,3,0,0,1,1,0,0
"POINT (9.764924080000071 52.338847808000082)",Unfall 195553 (2020) Kat:3, Licht: 1,195553,3,3,5,06,21,5,0,1,1,1,0,0
"POINT (9.580303326000035 52.420808380000040)",Unfall 195556 (2020) Kat:3, Licht: 0,195556,3,2,2,06,13,2,0,0,0,1,0,0
"POINT (10.092087124000045 52.388218750000078)",Unfall 195561 (2020) Kat:3, Licht: 0,195561,3,1,0,06,16,2,0,0,1,0,0,0
"POINT (10.024409746000060 52.449716481000053)",Unfall 195563 (2020) Kat:3, Licht: 0,195563,3,7,0,06,07,2,0,0,1,0,0,0
"POINT (9.449550324000029 52.425886258000048)",Unfall 195564 (2020) Kat:3, Licht: 0,195564,3,4,6,06,13,4,0,0,0,1,1,0
"POINT (9.734946524000065 52.380275330000075)",Unfall 195566 (2020) Kat:3, Licht: 0,195566,3,2,3,06,16,5,0,0,1,1,0,0
"POINT (9.691147785000055 52.416831097000056)",Unfall 195568 (2020) Kat:3, Licht: 0,195568,3,7,0,06,14,4,0,0,1,0,0,0
"POINT (9.589701016000049 52.418799867000075)",Unfall 195575 (2020) Kat:2, Licht: 0,195575,2,3,5,06,08,4,0,0,0,1,0,1
"POINT (9.792485158000034 52.397526525000046)",Unfall 195577 (2020) Kat:3, Licht: 0,195577,3,6,2,06,14,6,0,0,0,1,0,1
"POINT (9.753420380000023 52.390374791000056)",Unfall 195580 (2020) Kat:3, Licht: 0,195580,3,2,5,06,10,6,0,0,0,1,0,0
"POINT (9.834606684000050 52.283690072000070)",Unfall 195590 (2020) Kat:3, Licht: 0,195590,3,3,5,06,09,5,0,0,0,1,0,0
"POINT (9.709748007000030 52.389903194000055)",Unfall 195601 (2020) Kat:3, Licht: 2,195601,3,5,0,06,00,3,0,2,0,1,1,0
"POINT (9.683577741000022 52.363727874000062)",Unfall 195602 (2020) Kat:3, Licht: 0,195602,3,7,6,06,13,3,0,0,0,1,1,0
"POINT (9.588839105000034 52.392753751000043)",Unfall 195603 (2020) Kat:3, Licht: 0,195603,3,3,5,06,16,5,0,0,1,1,0,0
"POINT (9.712275853000051 52.370868962000031)",Unfall 195609 (2020) Kat:3, Licht: 0,195609,3,6,2,06,13,3,0,0,0,1,0,1
"POINT (9.707939832000022 52.376428860000033)",Unfall 195613 (2020) Kat:3, Licht: 0,195613,3,7,0,06,13,3,0,0,1,0,0,0
"POINT (9.722594563000030 52.377306641000075)",Unfall 195618 (2020) Kat:3, Licht: 0,195618,3,7,0,06,12,4,0,0,0,1,0,0
"POINT (9.743594818000076 52.357224665000047)",Unfall 195620 (2020) Kat:3, Licht: 0,195620,3,4,0,06,15,6,0,0,0,0,1,0
"POINT (9.734961552000073 52.386405600000046)",Unfall 195622 (2020) Kat:3, Licht: 0,195622,3,3,5,06,13,3,0,0,0,1,0,1
"POINT (9.755053103000023 52.374442072000079)",Unfall 195629 (2020) Kat:3, Licht: 0,195629,3,6,6,06,15,4,0,0,0,1,1,0
"POINT (9.535548417000030 52.586334527000076)",Unfall 195631 (2020) Kat:3, Licht: 0,195631,3,7,1,06,15,6,0,0,1,0,0,0
"POINT (9.762845143000050 52.395402860000047)",Unfall 195633 (2020) Kat:3, Licht: 0,195633,3,2,2,06,07,3,0,0,0,1,0,0
"POINT (9.720409740000036 52.391446726000027)",Unfall 195637 (2020) Kat:3, Licht: 0,195637,3,7,0,06,16,1,0,0,1,0,0,0
"POINT (9.828537508000068 52.386037931000033)",Unfall 195640 (2020) Kat:3, Licht: 0,195640,3,3,5,06,15,1,0,0,0,1,0,1
"POINT (9.819226218000040 52.390610457000037)",Unfall 195642 (2020) Kat:3, Licht: 0,195642,3,6,2,06,17,3,0,0,0,1,0,0
"POINT (9.427757444000065 52.552254528000049)",Unfall 195644 (2020) Kat:2, Licht: 0,195644,2,3,5,06,18,1,0,0,1,1,0,0
"POINT (9.947981562000052 52.376416975000041)",Unfall 195650 (2020) Kat:3, Licht: 0,195650,3,1,0,06,11,1,0,0,1,0,0,0
"POINT (9.626751910000053 52.211437163000028)",Unfall 195653 (2020) Kat:3, Licht: 0,195653,3,3,5,06,15,3,0,0,0,1,0,0
"POINT (9.581485739000073 52.276518980000048)",Unfall 195655 (2020) Kat:3, Licht: 0,195655,3,3,5,06,15,3,0,0,0,1,0,0
"POINT (9.702802527000074 52.369317995000074)",Unfall 195656 (2020) Kat:3, Licht: 0,195656,3,3,5,06,14,5,0,0,0,1,0,0
"POINT (9.740623636000066 52.374036655000054)",Unfall 195657 (2020) Kat:3, Licht: 0,195657,3,6,3,06,15,5,0,0,0,1,0,0
"POINT (9.721036581000021 52.386831202000053)",Unfall 195660 (2020) Kat:3, Licht: 0,195660,3,1,0,06,19,1,0,0,1,0,0,0
"POINT (9.781418005000035 52.400305780000053)",Unfall 195668 (2020) Kat:3, Licht: 0,195668,3,6,2,06,15,4,0,0,0,1,0,1
"POINT (9.791173583000045 52.396893829000078)",Unfall 195670 (2020) Kat:3, Licht: 0,195670,3,6,2,06,10,6,0,0,0,1,0,0
"POINT (9.620208038000044 52.438982507000048)",Unfall 195672 (2020) Kat:2, Licht: 0,195672,2,7,0,06,15,3,0,0,1,0,0,0
"POINT (9.763505378000048 52.339269468000055)",Unfall 195680 (2020) Kat:2, Licht: 0,195680,2,2,5,06,16,4,0,0,1,1,0,0
"POINT (9.763013963000049 52.395128308000039)",Unfall 195682 (2020) Kat:3, Licht: 0,195682,3,2,5,06,18,6,0,0,1,1,0,0
"POINT (9.749069799000040 52.397664889000055)",Unfall 195696 (2020) Kat:2, Licht: 0,195696,2,4,6,06,16,3,0,0,1,0,1,0
"POINT (9.693310337000071 52.393417219000071)",Unfall 195706 (2020) Kat:3, Licht: 0,195706,3,3,5,06,16,3,0,0,1,1,0,0
"POINT (9.352760211000032 52.454233502000079)",Unfall 195707 (2020) Kat:2, Licht: 0,195707,2,6,4,06,13,5,0,0,1,0,0,0
"POINT (9.729970694000031 52.392282072000057)",Unfall 195721 (2020) Kat:3, Licht: 0,195721,3,6,3,06,10,4,0,0,1,0,0,0
"POINT (9.692008911000073 52.418858531000069)",Unfall 195723 (2020) Kat:3, Licht: 0,195723,3,3,5,06,11,6,0,0,1,1,0,0
"POINT (9.606231469000022 52.413528669000073)",Unfall 195732 (2020) Kat:3, Licht: 0,195732,3,3,5,06,18,4,0,0,1,1,0,0
"POINT (9.355777356000033 52.457042606000073)",Unfall 195734 (2020) Kat:3, Licht: 0,195734,3,6,4,06,18,6,0,0,1,0,0,0
"POINT (9.688407697000059 52.393397107000055)",Unfall 195739 (2020) Kat:3, Licht: 0,195739,3,3,5,06,18,7,0,0,1,1,0,0
"POINT (9.669367433000048 52.349664457000074)",Unfall 195741 (2020) Kat:3, Licht: 0,195741,3,3,5,06,12,7,0,0,1,1,0,0
"POINT (9.726083896000034 52.377198604000057)",Unfall 195744 (2020) Kat:3, Licht: 1,195744,3,1,4,06,20,5,0,1,1,0,0,0
"POINT (9.810661444000061 52.363077167000029)",Unfall 195750 (2020) Kat:3, Licht: 2,195750,3,6,2,06,23,7,0,2,1,0,0,0
"POINT (9.717988742000046 52.332033651000074)",Unfall 195753 (2020) Kat:2, Licht: 0,195753,2,1,8,06,08,3,0,0,1,0,0,0
"POINT (9.656969294000021 52.407171649000077)",Unfall 195755 (2020) Kat:3, Licht: 0,195755,3,3,0,06,14,3,0,0,1,1,0,0
"POINT (9.710891716000049 52.379970499000081)",Unfall 195756 (2020) Kat:3, Licht: 0,195756,3,6,4,06,21,5,0,0,1,0,0,0
"POINT (9.721391285000038 52.316128805000062)",Unfall 195758 (2020) Kat:3, Licht: 0,195758,3,6,2,06,13,7,0,0,0,1,0,0
"POINT (9.794144437000057 52.393247685000063)",Unfall 195763 (2020) Kat:3, Licht: 0,195763,3,6,3,07,12,1,0,0,0,1,0,0
"POINT (9.815217409000070 52.390150097000060)",Unfall 195766 (2020) Kat:3, Licht: 0,195766,3,6,2,07,11,7,0,0,0,1,0,0
"POINT (9.810859500000049 52.301280371000075)",Unfall 195767 (2020) Kat:3, Licht: 0,195767,3,2,0,06,15,2,0,0,1,0,0,0
"POINT (9.717206316000045 52.345293346000062)",Unfall 195768 (2020) Kat:3, Licht: 0,195768,3,6,2,07,19,7,0,0,1,0,0,1
"POINT (9.796864088000064 52.372835829000053)",Unfall 195769 (2020) Kat:3, Licht: 0,195769,3,1,0,06,17,2,0,0,1,0,0,0
"POINT (9.829506942000023 52.337023285000043)",Unfall 195771 (2020) Kat:3, Licht: 0,195771,3,3,0,07,06,7,0,0,0,1,0,1
"POINT (9.694094131000043 52.403439922000075)",Unfall 195772 (2020) Kat:3, Licht: 0,195772,3,3,5,06,09,2,0,0,1,1,0,0
"POINT (9.761962409000034 52.333065272000056)",Unfall 195773 (2020) Kat:3, Licht: 2,195773,3,6,6,07,03,7,0,2,0,1,1,0
"POINT (9.753474092000033 52.441532373000030)",Unfall 195774 (2020) Kat:3, Licht: 0,195774,3,3,5,07,09,7,0,0,1,1,0,0
"POINT (9.694237412000064 52.341688954000062)",Unfall 195779 (2020) Kat:3, Licht: 0,195779,3,1,0,06,11,2,0,0,0,0,0,1
"POINT (9.762719126000036 52.415985829000078)",Unfall 195782 (2020) Kat:3, Licht: 0,195782,3,2,5,06,11,2,0,0,0,1,0,0
"POINT (9.751891785000055 52.385944200000040)",Unfall 195787 (2020) Kat:3, Licht: 0,195787,3,3,5,06,17,2,0,0,1,1,0,0
"POINT (9.678298372000029 52.395914055000048)",Unfall 195788 (2020) Kat:3, Licht: 0,195788,3,1,0,07,16,1,1,0,0,0,0,1
"POINT (9.448487432000036 52.506869384000026)",Unfall 195789 (2020) Kat:2, Licht: 0,195789,2,7,0,07,17,2,1,0,0,0,0,1
"POINT (9.616610506000029 52.424134044000027)",Unfall 195791 (2020) Kat:3, Licht: 0,195791,3,2,5,06,09,2,0,0,1,1,0,0
"POINT (9.813121349000028 52.404585949000079)",Unfall 195793 (2020) Kat:3, Licht: 0,195793,3,1,0,06,19,2,0,0,1,0,0,0
"POINT (9.822738830000048 52.400371379000035)",Unfall 195794 (2020) Kat:3, Licht: 0,195794,3,6,2,07,18,2,1,0,0,1,0,0
"POINT (9.721594345000028 52.381752501000051)",Unfall 195796 (2020) Kat:3, Licht: 0,195796,3,3,5,06,16,2,0,0,1,1,0,0
"POINT (9.711732200000029 52.367088483000032)",Unfall 195802 (2020) Kat:3, Licht: 0,195802,3,7,0,06,15,2,0,0,1,0,0,0
"POINT (9.741297331000055 52.375537286000053)",Unfall 195803 (2020) Kat:3, Licht: 2,195803,3,1,0,07,00,1,1,2,0,0,0,0
"POINT (9.706921801000021 52.369984694000038)",Unfall 195806 (2020) Kat:3, Licht: 0,195806,3,2,5,06,10,2,0,0,1,1,0,0
"POINT (9.705763196000021 52.437715907000040)",Unfall 195808 (2020) Kat:3, Licht: 0,195808,3,3,5,07,13,6,0,0,1,0,0,0
"POINT (9.850039830000071 52.484045152000078)",Unfall 195809 (2020) Kat:3, Licht: 0,195809,3,3,5,07,16,6,0,0,0,1,0,0
"POINT (9.733014412000046 52.382721881000066)",Unfall 195811 (2020) Kat:3, Licht: 0,195811,3,7,0,07,18,6,0,0,1,0,0,0
"POINT (9.749949051000044 52.376402883000026)",Unfall 195814 (2020) Kat:3, Licht: 0,195814,3,2,0,07,12,6,0,0,0,0,0,0
"POINT (9.786813010000060 52.408170972000050)",Unfall 195815 (2020) Kat:3, Licht: 0,195815,3,3,5,07,11,6,0,0,1,0,0,0
"POINT (9.734554382000056 52.399231350000036)",Unfall 195816 (2020) Kat:3, Licht: 0,195816,3,1,8,07,07,6,0,0,0,1,0,0
"POINT (9.652328970000042 52.415360411000051)",Unfall 195818 (2020) Kat:3, Licht: 0,195818,3,2,5,07,07,6,0,0,1,1,0,0
"POINT (9.797989547000043 52.392154220000066)",Unfall 195833 (2020) Kat:3, Licht: 0,195833,3,6,2,07,16,2,1,0,0,1,0,0
"POINT (9.762027182000054 52.345892525000068)",Unfall 195844 (2020) Kat:3, Licht: 0,195844,3,3,5,07,13,2,0,0,1,1,0,0
"POINT (9.754406797000058 52.439793430000066)",Unfall 195857 (2020) Kat:3, Licht: 0,195857,3,7,0,07,12,2,1,0,1,0,0,0
"POINT (9.717991395000070 52.395638554000072)",Unfall 195862 (2020) Kat:3, Licht: 0,195862,3,3,5,07,13,5,0,0,1,1,0,0
"POINT (9.772657379000066 52.339049504000059)",Unfall 195864 (2020) Kat:3, Licht: 0,195864,3,4,6,07,08,5,1,0,0,1,1,0
"POINT (9.722572301000071 52.387112473000059)",Unfall 195867 (2020) Kat:3, Licht: 2,195867,3,6,4,07,23,5,1,2,1,1,0,0
"POINT (9.660887083000034 52.338365468000063)",Unfall 195899 (2020) Kat:3, Licht: 0,195899,3,6,2,07,13,2,1,0,1,1,0,0
"POINT (9.705903057000057 52.390779058000078)",Unfall 195902 (2020) Kat:3, Licht: 0,195902,3,1,0,07,08,4,1,0,1,0,0,0
"POINT (9.715151252000055 52.369150221000041)",Unfall 195903 (2020) Kat:3, Licht: 0,195903,3,3,5,07,12,4,1,0,0,1,0,1
"POINT (9.733678409000049 52.379814308000050)",Unfall 195904 (2020) Kat:3, Licht: 0,195904,3,3,5,07,11,2,0,0,1,1,0,0
"POINT (9.771781291000025 52.342960255000037)",Unfall 195905 (2020) Kat:3, Licht: 0,195905,3,6,2,07,15,4,1,0,0,1,0,0
"POINT (9.732715837000058 52.379250361000061)",Unfall 195907 (2020) Kat:3, Licht: 0,195907,3,7,0,07,18,4,1,0,1,0,0,0
"POINT (9.542055713000025 52.210003952000079)",Unfall 195908 (2020) Kat:3, Licht: 0,195908,3,7,0,07,20,4,1,0,1,0,0,0
"POINT (9.602726827000026 52.312764743000059)",Unfall 195909 (2020) Kat:3, Licht: 0,195909,3,7,0,07,09,4,1,0,1,0,0,0
"POINT (9.718164276000039 52.395596428000033)",Unfall 195911 (2020) Kat:3, Licht: 0,195911,3,3,5,06,14,1,0,0,1,1,0,0
"POINT (9.720308019000072 52.348634373000039)",Unfall 195921 (2020) Kat:3, Licht: 0,195921,3,7,0,06,16,1,0,0,1,0,0,0
"POINT (9.739675675000058 52.362415850000048)",Unfall 195926 (2020) Kat:2, Licht: 0,195926,2,7,0,06,13,1,0,0,0,1,0,1
"POINT (9.772163033000027 52.338929362000044)",Unfall 195949 (2020) Kat:3, Licht: 0,195949,3,6,2,06,14,3,0,0,0,1,0,0
"POINT (9.834286917000043 52.339465460000042)",Unfall 195951 (2020) Kat:3, Licht: 0,195951,3,4,6,06,16,3,0,0,0,0,1,1
"POINT (9.654261489000021 52.347148215000061)",Unfall 195952 (2020) Kat:3, Licht: 0,195952,3,3,5,06,17,3,0,0,1,1,0,0
"POINT (9.708394626000029 52.376269330000071)",Unfall 195954 (2020) Kat:3, Licht: 0,195954,3,7,1,07,21,2,1,0,0,1,0,0
"POINT (9.981193196000049 52.380311269000060)",Unfall 195955 (2020) Kat:3, Licht: 0,195955,3,7,1,06,10,3,0,0,1,1,0,0
"POINT (9.769034215000033 52.358479916000078)",Unfall 195957 (2020) Kat:2, Licht: 0,195957,2,2,5,06,07,3,0,0,1,0,0,0
"POINT (9.707835807000038 52.370299306000049)",Unfall 195967 (2020) Kat:2, Licht: 0,195967,2,6,3,07,14,2,1,0,1,0,0,0
"POINT (9.723997968000049 52.372933288000070)",Unfall 195992 (2020) Kat:3, Licht: 0,195992,3,3,5,06,13,7,0,0,1,1,0,0
"POINT (9.665351477000058 52.320133810000073)",Unfall 195993 (2020) Kat:3, Licht: 0,195993,3,2,5,07,09,2,0,0,1,1,0,0
"POINT (9.704338642000039 52.369661720000067)",Unfall 195995 (2020) Kat:3, Licht: 2,195995,3,6,4,06,22,7,0,2,1,0,0,0
"POINT (9.712903809000068 52.366829366000047)",Unfall 195999 (2020) Kat:3, Licht: 2,195999,3,1,0,06,02,7,0,2,1,0,0,0
"POINT (9.702773227000023 52.369368075000068)",Unfall 196004 (2020) Kat:3, Licht: 2,196004,3,3,5,06,00,7,0,2,0,1,0,0
"POINT (9.764442777000056 52.261720308000065)",Unfall 196005 (2020) Kat:3, Licht: 0,196005,3,6,2,07,19,2,0,0,0,1,0,0
"POINT (9.739914541000076 52.382995777000076)",Unfall 196007 (2020) Kat:3, Licht: 0,196007,3,3,5,06,16,7,0,0,1,1,0,0
"POINT (9.734682540000051 52.373547492000057)",Unfall 196014 (2020) Kat:3, Licht: 0,196014,3,4,6,06,12,7,0,0,1,0,1,0
"POINT (9.745804041000042 52.383106237000050)",Unfall 196016 (2020) Kat:3, Licht: 0,196016,3,5,5,07,12,2,1,0,1,1,0,0
"POINT (9.805433902000061 52.307118163000041)",Unfall 196024 (2020) Kat:3, Licht: 0,196024,3,3,5,06,10,7,0,0,1,1,0,0
"POINT (9.758240794000074 52.362944490000075)",Unfall 196026 (2020) Kat:3, Licht: 0,196026,3,7,0,07,17,3,0,0,1,0,0,0
"POINT (9.548045605000027 52.207429248000039)",Unfall 196034 (2020) Kat:3, Licht: 0,196034,3,7,0,07,10,7,0,0,1,0,0,0
"POINT (9.747087568000040 52.301224297000033)",Unfall 196037 (2020) Kat:3, Licht: 0,196037,3,7,0,07,16,6,0,0,1,0,0,0
"POINT (9.806231948000061 52.432697236000081)",Unfall 196039 (2020) Kat:3, Licht: 0,196039,3,6,2,07,20,2,0,0,0,1,0,0
"POINT (9.722599776000038 52.377311043000077)",Unfall 196040 (2020) Kat:3, Licht: 0,196040,3,6,3,07,10,1,0,0,0,1,0,1
"POINT (9.851749980000022 52.490060581000080)",Unfall 196049 (2020) Kat:3, Licht: 0,196049,3,2,4,07,10,2,0,0,1,1,0,0
"POINT (9.723471634000021 52.401181799000028)",Unfall 196076 (2020) Kat:3, Licht: 0,196076,3,7,0,07,17,3,0,0,1,0,0,0
"POINT (9.688477615000068 52.417977620000045)",Unfall 196085 (2020) Kat:3, Licht: 0,196085,3,2,2,07,13,4,1,0,0,1,0,0
"POINT (9.758421836000025 52.450970534000078)",Unfall 196087 (2020) Kat:3, Licht: 0,196087,3,7,0,07,12,6,1,0,1,0,0,0
"POINT (9.693291405000025 52.364715685000078)",Unfall 196088 (2020) Kat:3, Licht: 0,196088,3,6,2,07,08,4,0,0,0,1,0,0
"POINT (9.756229324000060 52.390566781000075)",Unfall 196090 (2020) Kat:3, Licht: 0,196090,3,3,5,07,07,4,1,0,0,1,0,0
"POINT (9.726488614000061 52.394704826000066)",Unfall 196091 (2020) Kat:3, Licht: 0,196091,3,3,5,07,10,3,0,0,1,1,0,0
"POINT (9.771777524000072 52.421208774000036)",Unfall 196092 (2020) Kat:3, Licht: 0,196092,3,5,1,07,13,6,0,0,1,1,0,0
"POINT (9.973387384000034 52.315365793000069)",Unfall 196093 (2020) Kat:3, Licht: 0,196093,3,2,5,07,17,4,1,0,1,1,0,0
"POINT (9.651453777000029 52.419565069000043)",Unfall 196094 (2020) Kat:3, Licht: 0,196094,3,2,2,07,07,2,0,0,0,1,0,0
"POINT (10.011508514000070 52.447322127000064)",Unfall 196098 (2020) Kat:3, Licht: 0,196098,3,7,0,07,11,4,0,0,0,0,0,0
"POINT (9.711232956000060 52.380575696000051)",Unfall 196102 (2020) Kat:3, Licht: 2,196102,3,7,9,07,21,2,0,2,1,0,0,0
"POINT (9.611918979000052 52.442609089000030)",Unfall 196104 (2020) Kat:3, Licht: 0,196104,3,5,1,07,11,2,0,0,0,1,0,0