WKT,Name,OBJECTID,UKATEGORIE,UTYP1,UART,UMONAT,USTUNDE,UWOCHENTAG,STRZUSTAND,ULICHTVERH,ISTRAD,ISTPKW,ISTFUSS,ISTKRAD
"POINT (9.510347398000022 52.280374111000071)",Unfall 196881 (2020) Kat:3, Licht: 0,196881,3,6,3,08,13,3,0,0,1,1,0,0
"POINT (9.681919978000053 52.459955917000059)",Unfall 196883 (2020) Kat:3, Licht: 0,196883,3,1,0,08,10,3,0,0,1,0,0,0
"POINT (9.836822091000045 52.423726013000078)",Unfall 196885 (2020) Kat:3, Licht: 0,196885,3,6,2,08,15,3,0,0,0,1,0,0
"POINT (9.721916608000072 52.373067252000055)",Unfall 196886 (2020) Kat:3, Licht: 0,196886,3,5,5,08,15,7,0,0,1,1,0,0
"POINT (10.193577460000029 52.458878878000064)",Unfall 196887 (2020) Kat:3, Licht: 0,196887,3,3,5,08,18,3,0,0,0,1,0,0
"POINT (9.781068431000051 52.400414124000065)",Unfall 196888 (2020) Kat:3, Licht: 0,196888,3,6,2,08,15,7,0,0,0,1,0,0
"POINT (9.740954114000033 52.404663890000052)",Unfall 196890 (2020) Kat:3, Licht: 0,196890,3,3,5,08,12,7,0,0,0,1,0,0
"POINT (9.589610696000023 52.418716110000048)",Unfall 196891 (2020) Kat:3, Licht: 0,196891,3,2,2,08,13,7,0,0,0,1,0,0
"POINT (9.694587974000058 52.337672072000032)",Unfall 196893 (2020) Kat:3, Licht: 0,196893,3,7,0,08,11,7,0,0,1,0,0,0
"POINT (10.002295612000069 52.452529338000033)",Unfall 196894 (2020) Kat:3, Licht: 0,196894,3,3,5,08,08,3,0,0,1,0,0,0
"POINT (9.753731371000072 52.381984372000034)",Unfall 196896 (2020) Kat:3, Licht: 0,196896,3,2,5,08,20,3,0,0,0,1,0,0
"POINT (9.779823965000048 52.342029733000061)",Unfall 196905 (2020) Kat:3, Licht: 0,196905,3,3,5,08,17,3,0,0,1,0,0,0
"POINT (9.668681678000041 52.386012784000059)",Unfall 196922 (2020) Kat:3, Licht: 0,196922,3,4,6,08,15,3,0,0,0,1,1,0
"POINT (9.700710917000038 52.409622674000047)",Unfall 196927 (2020) Kat:3, Licht: 0,196927,3,7,0,08,16,6,0,0,1,0,0,0
"POINT (9.724445676000073 52.385382852000077)",Unfall 196930 (2020) Kat:3, Licht: 1,196930,3,7,0,08,21,6,0,1,1,0,0,0
"POINT (9.746562473000040 52.375266647000046)",Unfall 196932 (2020) Kat:3, Licht: 0,196932,3,7,2,08,14,6,0,0,0,1,0,1
"POINT (9.733814868000025 52.361758722000047)",Unfall 196935 (2020) Kat:3, Licht: 2,196935,3,1,0,08,22,6,0,2,1,0,0,0
"POINT (9.684912888000042 52.364947425000082)",Unfall 196937 (2020) Kat:3, Licht: 0,196937,3,3,5,08,15,6,0,0,1,1,0,0
"POINT (9.843197823000025 52.413747361000048)",Unfall 196938 (2020) Kat:3, Licht: 0,196938,3,6,4,08,17,3,0,0,1,0,0,0
"POINT (9.713206759000059 52.371469934000061)",Unfall 196940 (2020) Kat:3, Licht: 0,196940,3,1,0,08,15,6,0,0,1,0,0,0
"POINT (9.708974714000021 52.365690620000066)",Unfall 196942 (2020) Kat:3, Licht: 0,196942,3,2,5,08,10,6,0,0,1,1,0,0
"POINT (9.595834734000050 52.421083783000029)",Unfall 196944 (2020) Kat:3, Licht: 0,196944,3,3,5,08,14,6,0,0,1,1,0,0
"POINT (9.728611387000058 52.374237133000065)",Unfall 196946 (2020) Kat:2, Licht: 0,196946,2,1,0,08,11,6,0,0,1,0,0,0
"POINT (9.729596695000055 52.374677438000049)",Unfall 196948 (2020) Kat:2, Licht: 2,196948,2,1,0,08,21,6,0,2,1,0,0,0
"POINT (9.746151706000035 52.386327952000045)",Unfall 196949 (2020) Kat:2, Licht: 0,196949,2,7,0,08,10,6,0,0,1,0,0,0
"POINT (9.754740377000076 52.443460695000056)",Unfall 196965 (2020) Kat:3, Licht: 0,196965,3,7,6,08,07,4,0,0,0,0,1,0
"POINT (9.685358355000062 52.344298042000048)",Unfall 196968 (2020) Kat:3, Licht: 0,196968,3,7,0,08,20,3,0,0,1,0,0,0
"POINT (9.743996620000075 52.371384476000060)",Unfall 196978 (2020) Kat:3, Licht: 0,196978,3,1,0,08,19,2,0,0,0,0,0,0
"POINT (9.680608425000060 52.553891457000077)",Unfall 196982 (2020) Kat:3, Licht: 0,196982,3,6,4,08,19,3,0,0,1,0,0,0
"POINT (9.738910611000051 52.377010124000037)",Unfall 196990 (2020) Kat:3, Licht: 0,196990,3,1,8,08,17,2,0,0,1,0,0,0
"POINT (9.782548568000038 52.373287255000037)",Unfall 196994 (2020) Kat:2, Licht: 0,196994,2,2,5,08,14,3,0,0,1,0,0,0
"POINT (9.725331672000039 52.343091357000048)",Unfall 197008 (2020) Kat:3, Licht: 0,197008,3,3,5,08,11,5,0,0,1,0,0,0
"POINT (9.796430254000029 52.412282181000080)",Unfall 197010 (2020) Kat:3, Licht: 0,197010,3,3,5,08,16,5,0,0,0,1,0,0
"POINT (9.771535064000034 52.400513482000065)",Unfall 197012 (2020) Kat:3, Licht: 0,197012,3,3,0,08,12,5,0,0,1,1,0,0
"POINT (9.737540276000061 52.427751218000026)",Unfall 197014 (2020) Kat:3, Licht: 0,197014,3,3,5,08,15,5,0,0,0,1,0,0
"POINT (9.668756759000075 52.447063835000051)",Unfall 197016 (2020) Kat:3, Licht: 0,197016,3,7,0,08,19,5,0,0,1,0,0,0
"POINT (10.031842047000055 52.531218772000045)",Unfall 197017 (2020) Kat:3, Licht: 0,197017,3,1,9,08,10,5,0,0,0,0,0,1
"POINT (9.722908219000033 52.375789633000068)",Unfall 197018 (2020) Kat:2, Licht: 0,197018,2,3,5,08,16,5,0,0,1,0,0,0
"POINT (9.794155004000061 52.375149102000080)",Unfall 197020 (2020) Kat:3, Licht: 0,197020,3,2,4,08,10,5,0,0,1,1,0,0
"POINT (9.719651454000029 52.367321208000078)",Unfall 197021 (2020) Kat:3, Licht: 0,197021,3,2,6,08,10,5,0,0,0,1,1,0
"POINT (9.733674998000026 52.379847066000082)",Unfall 197022 (2020) Kat:3, Licht: 0,197022,3,3,5,08,07,5,0,0,1,0,0,0
"POINT (9.751242109000032 52.372427029000050)",Unfall 197034 (2020) Kat:3, Licht: 0,197034,3,2,5,08,16,2,0,0,1,1,0,0
"POINT (9.677763771000059 52.345895951000045)",Unfall 197037 (2020) Kat:3, Licht: 0,197037,3,3,5,08,09,2,0,0,1,1,0,0
"POINT (9.741442695000046 52.371435394000059)",Unfall 197040 (2020) Kat:3, Licht: 0,197040,3,1,0,08,07,3,0,0,1,0,0,0
"POINT (9.562441512000021 52.421412543000031)",Unfall 197046 (2020) Kat:3, Licht: 2,197046,3,7,0,08,22,2,0,2,1,0,0,0
"POINT (9.732578401000069 52.378643957000065)",Unfall 197050 (2020) Kat:3, Licht: 0,197050,3,1,0,08,07,3,0,0,1,0,0,0
"POINT (9.549840218000043 52.211370825000074)",Unfall 197055 (2020) Kat:2, Licht: 2,197055,2,7,0,08,21,3,0,2,1,0,0,0
"POINT (9.806439025000032 52.389160259000050)",Unfall 197060 (2020) Kat:3, Licht: 2,197060,3,6,2,08,21,2,0,2,0,1,0,0
"POINT (9.520563388000028 52.287397225000063)",Unfall 197066 (2020) Kat:3, Licht: 0,197066,3,1,6,08,19,2,0,0,0,1,1,0
"POINT (9.982136196000056 52.381488585000056)",Unfall 197068 (2020) Kat:3, Licht: 0,197068,3,6,2,08,16,2,0,0,0,1,0,0
"POINT (9.805956797000022 52.302089598000066)",Unfall 197069 (2020) Kat:3, Licht: 0,197069,3,3,5,08,17,4,0,0,0,1,0,0
"POINT (9.975207420000061 52.374330964000080)",Unfall 197070 (2020) Kat:3, Licht: 0,197070,3,2,3,08,09,2,0,0,1,0,0,0
"POINT (9.803148005000026 52.380521149000060)",Unfall 197071 (2020) Kat:3, Licht: 0,197071,3,3,5,08,06,4,0,0,1,0,0,0
"POINT (9.721787568000025 52.400635589000046)",Unfall 197073 (2020) Kat:3, Licht: 0,197073,3,3,5,08,15,4,0,0,1,0,0,0
"POINT (9.750475312000049 52.375687107000033)",Unfall 197074 (2020) Kat:3, Licht: 0,197074,3,6,2,08,21,4,0,0,0,1,0,0
"POINT (9.752795076000041 52.377503074000060)",Unfall 197075 (2020) Kat:3, Licht: 0,197075,3,6,2,08,19,4,0,0,0,1,0,0
"POINT (9.779111791000048 52.414192545000049)",Unfall 197076 (2020) Kat:2, Licht: 0,197076,2,7,6,08,11,2,0,0,1,0,1,0
"POINT (9.951638891000073 52.319536700000072)",Unfall 197077 (2020) Kat:3, Licht: 0,197077,3,7,0,08,19,4,0,0,1,0,0,0
"POINT (9.531828564000023 52.460919845000035)",Unfall 197078 (2020) Kat:2, Licht: 0,197078,2,3,5,08,21,2,0,0,1,1,0,0
"POINT (9.708853011000031 52.366030681000041)",Unfall 197079 (2020) Kat:3, Licht: 0,197079,3,2,5,08,10,4,0,0,1,1,0,0
"POINT (9.780998324000052 52.398298531000080)",Unfall 197081 (2020) Kat:3, Licht: 0,197081,3,3,5,08,14,4,0,0,1,1,0,0
"POINT (9.730094967000071 52.398303000000055)",Unfall 197082 (2020) Kat:3, Licht: 0,197082,3,2,2,08,14,4,0,0,0,1,0,1
"POINT (9.681492473000048 52.416080580000028)",Unfall 197083 (2020) Kat:3, Licht: 0,197083,3,2,5,08,08,4,0,0,1,0,0,0
"POINT (9.695032416000061 52.406539843000076)",Unfall 197088 (2020) Kat:3, Licht: 0,197088,3,6,4,08,20,2,0,0,1,0,0,0
"POINT (9.513676462000035 52.427773610000031)",Unfall 197090 (2020) Kat:2, Licht: 0,197090,2,7,0,08,10,2,0,0,1,0,0,0
"POINT (9.596153248000064 52.313016217000040)",Unfall 197094 (2020) Kat:3, Licht: 0,197094,3,3,5,08,19,3,0,0,1,1,0,0
"POINT (9.713636810000025 52.357324696000035)",Unfall 197098 (2020) Kat:3, Licht: 0,197098,3,1,0,08,15,2,0,0,0,0,0,1
"POINT (9.706643860000042 52.423586194000052)",Unfall 197101 (2020) Kat:3, Licht: 0,197101,3,7,8,08,07,6,0,0,1,0,0,0
"POINT (9.752428326000029 52.362927136000053)",Unfall 197102 (2020) Kat:3, Licht: 0,197102,3,1,0,08,12,3,0,0,1,0,0,0
"POINT (9.764036051000062 52.368499146000033)",Unfall 197103 (2020) Kat:3, Licht: 0,197103,3,6,2,08,17,1,1,0,0,1,0,0
"POINT (9.766290358000049 52.382099719000053)",Unfall 197104 (2020) Kat:3, Licht: 0,197104,3,6,2,08,15,2,0,0,0,1,0,1
"POINT (9.707283754000059 52.375762329000054)",Unfall 197108 (2020) Kat:3, Licht: 0,197108,3,5,2,08,15,1,0,0,1,1,0,0
"POINT (9.761737853000057 52.394885488000057)",Unfall 197110 (2020) Kat:3, Licht: 2,197110,3,5,1,08,04,1,0,2,1,1,0,0
"POINT (9.429944910000074 52.421073925000030)",Unfall 197113 (2020) Kat:3, Licht: 0,197113,3,7,8,08,09,1,0,0,1,0,0,0
"POINT (9.461034215000041 52.511008710000056)",Unfall 197120 (2020) Kat:3, Licht: 0,197120,3,2,5,08,19,1,0,0,0,1,0,0
"POINT (10.117616517000044 52.476662742000030)",Unfall 197123 (2020) Kat:3, Licht: 0,197123,3,1,0,08,17,1,1,0,1,0,0,0
"POINT (9.725418268000055 52.343087655000033)",Unfall 197125 (2020) Kat:3, Licht: 0,197125,3,6,3,08,16,5,0,0,1,0,0,0
"POINT (9.736227712000073 52.384009442000036)",Unfall 197128 (2020) Kat:3, Licht: 2,197128,3,1,8,08,03,1,0,2,0,1,0,0
"POINT (9.751039116000072 52.387618733000068)",Unfall 197129 (2020) Kat:3, Licht: 0,197129,3,4,6,08,11,2,0,0,1,1,1,0
"POINT (9.725089949000051 52.384188012000038)",Unfall 197130 (2020) Kat:3, Licht: 0,197130,3,5,1,08,15,5,0,0,1,1,0,0
"POINT (9.739966466000055 52.372822192000058)",Unfall 197139 (2020) Kat:3, Licht: 0,197139,3,7,4,08,15,5,0,0,1,0,0,0
"POINT (9.525387410000064 52.512550702000055)",Unfall 197140 (2020) Kat:3, Licht: 0,197140,3,6,0,08,18,4,0,0,1,1,0,0
"POINT (9.761778209000056 52.341999990000033)",Unfall 197144 (2020) Kat:3, Licht: 0,197144,3,3,5,08,17,5,0,0,1,1,0,0
"POINT (9.461238563000052 52.504638668000041)",Unfall 197145 (2020) Kat:3, Licht: 0,197145,3,3,5,08,10,5,0,0,1,0,0,0
"POINT (9.607641806000061 52.424492070000042)",Unfall 197146 (2020) Kat:3, Licht: 0,197146,3,7,8,08,16,5,0,0,0,1,0,0
"POINT (9.973575025000059 52.376045039000076)",Unfall 197149 (2020) Kat:3, Licht: 0,197149,3,6,6,08,19,5,0,0,0,1,1,0
"POINT (9.727581263000047 52.438419007000050)",Unfall 197151 (2020) Kat:3, Licht: 0,197151,3,6,2,08,11,6,0,0,0,1,0,0
"POINT (9.475463113000046 52.432031983000059)",Unfall 197152 (2020) Kat:2, Licht: 0,197152,2,7,0,08,15,3,0,0,1,0,0,0
"POINT (9.727609414000028 52.436733438000033)",Unfall 197156 (2020) Kat:3, Licht: 0,197156,3,3,0,08,13,5,0,0,0,1,0,1
"POINT (9.775549421000051 52.396611647000043)",Unfall 197158 (2020) Kat:3, Licht: 0,197158,3,3,5,08,14,5,0,0,1,1,0,0
"POINT (10.195299540000065 52.461359013000049)",Unfall 197170 (2020) Kat:3, Licht: 0,197170,3,2,3,08,12,6,0,0,1,1,0,0
"POINT (9.821414533000052 52.388401017000035)",Unfall 197171 (2020) Kat:3, Licht: 0,197171,3,1,0,08,10,5,0,0,1,0,0,0
"POINT (9.714444452000066 52.342756319000046)",Unfall 197181 (2020) Kat:3, Licht: 0,197181,3,5,1,08,20,4,0,0,1,1,0,0
"POINT (9.705130658000030 52.409869151000066)",Unfall 197192 (2020) Kat:3, Licht: 0,197192,3,3,5,08,12,4,0,0,0,1,0,0
"POINT (9.683594995000021 52.394626204000076)",Unfall 197193 (2020) Kat:3, Licht: 0,197193,3,3,0,08,19,6,1,0,1,1,0,0
"POINT (9.727206538000075 52.373908833000030)",Unfall 197206 (2020) Kat:3, Licht: 0,197206,3,5,3,08,17,6,0,0,1,1,0,0
"POINT (9.761948986000050 52.374702670000033)",Unfall 197207 (2020) Kat:3, Licht: 0,197207,3,1,0,08,16,3,0,0,1,0,0,0
"POINT (9.804595367000047 52.330537197000069)",Unfall 197217 (2020) Kat:3, Licht: 0,197217,3,2,5,08,13,5,0,0,1,1,0,0
"POINT (9.726142512000024 52.354038565000053)",Unfall 197232 (2020) Kat:3, Licht: 0,197232,3,5,1,08,19,7,0,0,0,1,0,0
"POINT (9.813297122000051 52.422472398000082)",Unfall 197235 (2020) Kat:3, Licht: 0,197235,3,2,0,08,17,7,0,0,0,1,0,1
"POINT (9.939959789000056 52.348808225000028)",Unfall 197241 (2020) Kat:3, Licht: 0,197241,3,3,5,08,09,7,0,0,0,1,0,0
"POINT (9.589963841000042 52.434157964000065)",Unfall 197245 (2020) Kat:2, Licht: 0,197245,2,7,0,08,17,7,0,0,1,0,0,0
"POINT (9.436463309000033 52.574400887000081)",Unfall 197250 (2020) Kat:3, Licht: 0,197250,3,1,8,08,15,7,0,0,0,0,0,1
"POINT (9.461401954000053 52.506724445000032)",Unfall 197253 (2020) Kat:3, Licht: 0,197253,3,3,5,08,16,4,0,0,1,1,0,0
"POINT (9.747705475000032 52.375704726000038)",Unfall 197255 (2020) Kat:2, Licht: 0,197255,2,3,5,08,13,7,0,0,1,1,0,0
"POINT (9.747888299000067 52.388121497000043)",Unfall 197259 (2020) Kat:3, Licht: 0,197259,3,4,6,08,12,5,0,0,1,0,1,0
"POINT (9.670554718000062 52.382494780000059)",Unfall 197265 (2020) Kat:3, Licht: 0,197265,3,5,1,08,12,6,0,0,0,1,1,0
"POINT (9.705255920000070 52.374211635000052)",Unfall 197266 (2020) Kat:3, Licht: 2,197266,3,1,0,08,22,3,0,2,1,0,0,0
"POINT (9.712891026000023 52.371573802000057)",Unfall 197267 (2020) Kat:3, Licht: 2,197267,3,7,0,08,00,7,1,2,0,0,0,0
"POINT (9.720727439000029 52.373357318000046)",Unfall 197282 (2020) Kat:3, Licht: 0,197282,3,1,0,08,10,3,0,0,1,0,0,0
"POINT (9.785069423000039 52.391942349000033)",Unfall 197284 (2020) Kat:3, Licht: 0,197284,3,5,1,08,13,6,0,0,0,1,1,0
"POINT (9.733304231000034 52.375553441000079)",Unfall 197306 (2020) Kat:3, Licht: 0,197306,3,2,4,08,13,2,1,0,1,1,0,0
"POINT (9.771894114000077 52.417467577000082)",Unfall 197307 (2020) Kat:3, Licht: 2,197307,3,6,2,08,21,4,0,2,0,1,0,0
"POINT (9.712307522000060 52.366959698000073)",Unfall 197318 (2020) Kat:3, Licht: 2,197318,3,1,0,08,22,6,1,2,1,0,0,0
"POINT (9.721967947000053 52.376775337000026)",Unfall 197319 (2020) Kat:3, Licht: 0,197319,3,6,4,08,18,3,0,0,1,0,0,0
"POINT (9.679692218000071 52.394970156000056)",Unfall 197328 (2020) Kat:3, Licht: 1,197328,3,2,5,08,21,5,0,1,1,1,0,0
"POINT (9.726443156000073 52.381535901000063)",Unfall 197357 (2020) Kat:3, Licht: 0,197357,3,5,0,08,10,4,0,0,1,1,0,0
"POINT (9.727714648000074 52.369000152000069)",Unfall 197359 (2020) Kat:3, Licht: 0,197359,3,3,5,08,12,4,0,0,1,1,0,0
"POINT (9.740511720000029 52.377569245000075)",Unfall 197360 (2020) Kat:3, Licht: 0,197360,3,1,0,08,18,4,0,0,1,0,0,0
"POINT (9.613429907000068 52.315717953000046)",Unfall 197364 (2020) Kat:3, Licht: 0,197364,3,7,0,08,15,4,0,0,1,0,0,0
"POINT (9.728330591000031 52.377840944000070)",Unfall 197366 (2020) Kat:3, Licht: 0,197366,3,3,5,08,13,2,1,0,0,1,0,0
"POINT (9.756869819000031 52.395998137000049)",Unfall 197367 (2020) Kat:3, Licht: 0,197367,3,1,0,08,14,5,1,0,0,0,0,1
"POINT (9.606829549000054 52.413514883000062)",Unfall 197368 (2020) Kat:3, Licht: 1,197368,3,7,0,08,21,4,0,1,1,0,0,0
"POINT (9.821094623000022 52.347951957000078)",Unfall 197369 (2020) Kat:3, Licht: 0,197369,3,1,0,08,16,2,1,0,0,0,0,1
"POINT (9.813762794000070 52.347329081000055)",Unfall 197371 (2020) Kat:3, Licht: 0,197371,3,6,4,08,12,6,0,0,0,1,0,0
"POINT (9.740078607000044 52.366997536000042)",Unfall 197372 (2020) Kat:3, Licht: 0,197372,3,2,5,08,14,3,0,0,1,0,0,0
"POINT (9.754654931000061 52.360733949000064)",Unfall 197373 (2020) Kat:3, Licht: 0,197373,3,4,6,08,15,6,0,0,1,0,1,0
"POINT (9.714532793000046 52.403382484000076)",Unfall 197374 (2020) Kat:3, Licht: 1,197374,3,5,1,08,20,6,0,1,0,1,0,1
"POINT (9.698677078000060 52.439147361000039)",Unfall 197375 (2020) Kat:3, Licht: 0,197375,3,3,5,08,10,4,0,0,0,1,0,0
"POINT (9.430064402000028 52.420130463000078)",Unfall 197376 (2020) Kat:3, Licht: 0,197376,3,7,8,08,10,1,0,0,1,0,0,0
"POINT (9.689238793000072 52.332457407000049)",Unfall 197384 (2020) Kat:3, Licht: 0,197384,3,5,1,08,18,4,1,0,0,1,0,0
"POINT (9.724397850000059 52.345922688000030)",Unfall 197387 (2020) Kat:3, Licht: 2,197387,3,1,0,08,21,3,1,2,0,0,0,1
"POINT (9.757598786000074 52.363772760000074)",Unfall 197389 (2020) Kat:3, Licht: 0,197389,3,7,0,08,09,6,0,0,1,0,0,0
"POINT (9.859292427000071 52.392663988000038)",Unfall 197391 (2020) Kat:3, Licht: 0,197391,3,5,1,08,07,2,0,0,1,1,0,0
"POINT (9.766357515000038 52.382128506000072)",Unfall 197392 (2020) Kat:3, Licht: 0,197392,3,2,5,08,14,5,0,0,1,1,0,0
"POINT (9.799418603000049 52.314868086000047)",Unfall 197396 (2020) Kat:3, Licht: 0,197396,3,3,5,08,16,7,0,0,0,1,0,0
"POINT (9.790149994000046 52.215173897000057)",Unfall 197397 (2020) Kat:3, Licht: 2,197397,3,5,1,08,21,3,1,2,0,1,0,0
"POINT (10.011169207000023 52.448693695000031)",Unfall 197427 (2020) Kat:3, Licht: 0,197427,3,1,0,08,18,1,0,0,1,0,0,0
"POINT (9.642243086000065 52.414662210000074)",Unfall 197429 (2020) Kat:3, Licht: 0,197429,3,1,0,08,14,1,0,0,1,0,0,0
"POINT (9.821315730000038 52.350976993000074)",Unfall 197433 (2020) Kat:3, Licht: 0,197433,3,6,4,08,15,1,0,0,1,0,1,0
"POINT (9.909422695000046 52.516153603000078)",Unfall 197435 (2020) Kat:3, Licht: 2,197435,3,1,1,08,01,4,1,2,1,1,0,0
"POINT (9.457209909000028 52.304964819000077)",Unfall 197436 (2020) Kat:3, Licht: 0,197436,3,7,6,08,18,1,0,0,0,1,1,0
"POINT (9.800713133000045 52.405663263000065)",Unfall 197438 (2020) Kat:3, Licht: 1,197438,3,7,0,08,20,3,1,1,1,0,0,0
"POINT (9.735144859000059 52.376101447000053)",Unfall 197439 (2020) Kat:3, Licht: 0,197439,3,7,0,08,14,1,0,0,1,0,0,0
"POINT (9.806668719000072 52.483597018000069)",Unfall 197445 (2020) Kat:3, Licht: 0,197445,3,1,0,08,08,6,1,0,0,0,0,1
"POINT (9.762221818000057 52.392741255000033)",Unfall 197446 (2020) Kat:2, Licht: 0,197446,2,3,5,08,16,5,0,0,1,1,0,0
"POINT (9.704081559000031 52.371796205000066)",Unfall 197450 (2020) Kat:3, Licht: 2,197450,3,1,8,08,01,7,0,2,1,1,0,0
"POINT (9.848236826000061 52.393452221000075)",Unfall 197451 (2020) Kat:3, Licht: 0,197451,3,5,1,08,16,3,0,0,1,1,0,0
"POINT (9.604529388000060 52.446715439000059)",Unfall 197457 (2020) Kat:3, Licht: 2,197457,3,7,8,08,03,2,0,2,0,1,0,0
"POINT (9.719937177000077 52.367895690000068)",Unfall 197469 (2020) Kat:3, Licht: 2,197469,3,1,0,08,23,2,1,2,1,0,0,0
"POINT (9.805134201000044 52.411075408000045)",Unfall 197473 (2020) Kat:3, Licht: 0,197473,3,3,5,08,18,2,0,0,1,1,0,0
"POINT (9.741727724000043 52.398598960000072)",Unfall 197483 (2020) Kat:3, Licht: 0,197483,3,3,5,08,13,2,0,0,1,1,0,0
"POINT (9.781567777000021 52.414128526000070)",Unfall 197484 (2020) Kat:3, Licht: 0,197484,3,3,5,08,17,6,0,0,0,0,0,0
"POINT (9.677414920000047 52.371987644000058)",Unfall 197486 (2020) Kat:3, Licht: 0,197486,3,6,2,08,13,5,0,0,0,1,0,0
"POINT (9.653845659000069 52.321777696000026)",Unfall 197497 (2020) Kat:3, Licht: 0,197497,3,7,9,08,15,6,0,0,0,1,0,0
"POINT (9.857452585000033 52.392767218000074)",Unfall 197500 (2020) Kat:3, Licht: 0,197500,3,6,3,08,18,2,0,0,0,1,0,1
"POINT (9.763393894000046 52.374960272000067)",Unfall 197505 (2020) Kat:3, Licht: 0,197505,3,3,5,08,13,4,0,0,0,1,0,0
"POINT (9.759076331000074 52.329205931000047)",Unfall 197508 (2020) Kat:3, Licht: 0,197508,3,3,5,08,13,3,0,0,1,0,0,0
"POINT (9.736772664000057 52.371298461000038)",Unfall 197513 (2020) Kat:3, Licht: 0,197513,3,6,3,08,16,2,0,0,1,1,0,0
"POINT (9.919751876000021 52.377493392000076)",Unfall 197516 (2020) Kat:3, Licht: 2,197516,3,1,0,08,22,2,1,2,1,0,0,0
"POINT (9.723642102000042 52.348106994000034)",Unfall 197529 (2020) Kat:2, Licht: 2,197529,2,4,6,08,22,2,1,2,0,1,1,0
"POINT (9.864665014000025 52.485660063000068)",Unfall 197539 (2020) Kat:3, Licht: 0,197539,3,6,2,08,16,1,0,0,1,0,0,0
"POINT (9.694593191000024 52.382026191000080)",Unfall 197542 (2020) Kat:3, Licht: 0,197542,3,7,0,08,12,2,0,0,1,0,0,0
"POINT (9.683311235000076 52.393694680000067)",Unfall 197545 (2020) Kat:3, Licht: 0,197545,3,7,0,08,18,7,0,0,1,0,0,0
"POINT (9.641338853000036 52.396005967000065)",Unfall 197547 (2020) Kat:3, Licht: 0,197547,3,2,6,08,10,4,1,0,0,1,1,0
"POINT (9.683131660000072 52.413480086000050)",Unfall 197548 (2020) Kat:3, Licht: 0,197548,3,7,0,08,17,7,0,0,1,0,0,0
"POINT (9.857757050000032 52.392843121000055)",Unfall 197550 (2020) Kat:2, Licht: 0,197550,2,1,0,08,10,3,0,0,1,0,0,0
"POINT (9.717119115000060 52.343349320000073)",Unfall 197551 (2020) Kat:3, Licht: 0,197551,3,2,3,08,11,7,0,0,1,1,0,0
"POINT (9.732252828000071 52.391644730000053)",Unfall 197555 (2020) Kat:3, Licht: 0,197555,3,7,0,08,19,7,0,0,1,1,0,0
"POINT (9.754636783000024 52.438012515000082)",Unfall 197556 (2020) Kat:3, Licht: 0,197556,3,6,2,08,15,6,0,0,0,1,0,0
"POINT (9.764964101000032 52.452375964000055)",Unfall 197557 (2020) Kat:3, Licht: 1,197557,3,5,1,08,20,5,0,1,1,1,0,0
"POINT (9.722695276000025 52.383534020000070)",Unfall 197560 (2020) Kat:3, Licht: 0,197560,3,7,6,08,16,7,0,0,0,1,1,0
"POINT (9.748858616000064 52.365554503000055)",Unfall 197561 (2020) Kat:3, Licht: 2,197561,3,5,1,08,05,7,0,2,0,1,0,0
"POINT (9.757327570000030 52.364286176000064)",Unfall 197562 (2020) Kat:2, Licht: 1,197562,2,3,5,08,19,3,1,1,1,1,0,0
"POINT (9.734953893000068 52.380279290000033)",Unfall 197563 (2020) Kat:3, Licht: 0,197563,3,2,5,08,17,7,0,0,1,1,0,0
"POINT (9.740686496000024 52.377699608000057)",Unfall 197568 (2020) Kat:2, Licht: 0,197568,2,7,0,08,06,7,0,0,0,0,0,0
"POINT (9.587021991000029 52.416265426000052)",Unfall 197570 (2020) Kat:3, Licht: 0,197570,3,2,6,08,11,2,0,0,0,1,1,0
"POINT (9.721224453000048 52.390294498000060)",Unfall 197583 (2020) Kat:3, Licht: 0,197583,3,7,0,08,12,2,0,0,1,0,0,0
"POINT (9.772013936000064 52.364919316000055)",Unfall 197591 (2020) Kat:3, Licht: 0,197591,3,2,5,08,13,1,0,0,1,1,0,0