WKT,Name,OBJECTID,UKATEGORIE,UTYP1,UART,UMONAT,USTUNDE,UWOCHENTAG,STRZUSTAND,ULICHTVERH,ISTRAD,ISTPKW,ISTFUSS,ISTKRAD
"POINT (9.746647122000070 52.381191865000062)",Unfall 198467 (2020) Kat:3, Licht: 0,198467,3,1,0,09,12,6,0,0,1,0,0,0
"POINT (9.705895321000071 52.372083268000040)",Unfall 198468 (2020) Kat:3, Licht: 2,198468,3,4,6,09,20,4,0,2,0,1,1,0
"POINT (9.795092974000056 52.375361139000063)",Unfall 198471 (2020) Kat:3, Licht: 0,198471,3,1,9,09,14,4,0,0,1,0,0,0
"POINT (9.678021078000029 52.395762581000042)",Unfall 198475 (2020) Kat:3, Licht: 0,198475,3,2,4,09,14,4,0,0,0,1,0,1
"POINT (9.747332575000030 52.378010100000040)",Unfall 198478 (2020) Kat:3, Licht: 1,198478,3,7,0,09,19,4,0,1,0,0,0,1
"POINT (9.470774708000022 52.309376368000073)",Unfall 198480 (2020) Kat:3, Licht: 0,198480,3,2,5,09,14,4,0,0,0,1,0,1
"POINT (9.600958116000072 52.463978022000049)",Unfall 198481 (2020) Kat:3, Licht: 0,198481,3,7,0,09,16,4,0,0,1,0,0,0
"POINT (9.732654520000040 52.375440013000059)",Unfall 198482 (2020) Kat:3, Licht: 0,198482,3,7,0,09,12,1,0,0,1,1,0,0
"POINT (9.767090739000025 52.563579788000027)",Unfall 198483 (2020) Kat:3, Licht: 0,198483,3,3,0,09,18,4,0,0,1,1,0,0
"POINT (9.794011852000040 52.403876242000081)",Unfall 198486 (2020) Kat:3, Licht: 1,198486,3,7,0,09,18,3,0,1,1,0,0,0
"POINT (9.457713365000075 52.511516283000049)",Unfall 198489 (2020) Kat:3, Licht: 0,198489,3,3,5,09,13,2,0,0,1,1,0,0
"POINT (9.744111683000028 52.452313283000080)",Unfall 198490 (2020) Kat:3, Licht: 0,198490,3,3,5,09,09,4,0,0,1,1,0,0
"POINT (9.747198652000066 52.317775448000077)",Unfall 198492 (2020) Kat:2, Licht: 0,198492,2,6,4,09,13,4,0,0,1,0,0,0
"POINT (9.778646333000040 52.400498248000076)",Unfall 198494 (2020) Kat:3, Licht: 0,198494,3,5,1,09,17,3,0,0,1,1,0,0
"POINT (9.763101668000047 52.405152180000073)",Unfall 198497 (2020) Kat:3, Licht: 0,198497,3,4,6,09,17,5,0,0,1,0,1,0
"POINT (9.859875108000040 52.391480820000027)",Unfall 198503 (2020) Kat:3, Licht: 1,198503,3,7,0,09,07,2,0,1,1,0,0,0
"POINT (9.754755670000066 52.360273932000041)",Unfall 198504 (2020) Kat:3, Licht: 2,198504,3,7,1,09,04,4,0,2,0,1,0,0
"POINT (9.722422506000044 52.372944542000027)",Unfall 198506 (2020) Kat:3, Licht: 2,198506,3,7,0,09,00,4,0,2,1,0,0,0
"POINT (9.720774643000027 52.390937694000058)",Unfall 198508 (2020) Kat:3, Licht: 2,198508,3,7,0,09,05,4,1,2,1,0,0,0
"POINT (9.747454046000030 52.378836248000027)",Unfall 198511 (2020) Kat:3, Licht: 2,198511,3,1,9,09,22,4,0,2,1,0,0,0
"POINT (9.693838161000031 52.400620774000060)",Unfall 198514 (2020) Kat:2, Licht: 0,198514,2,2,6,09,11,4,0,0,0,1,1,0
"POINT (9.690529355000024 52.335055311000076)",Unfall 198516 (2020) Kat:3, Licht: 2,198516,3,7,6,09,20,7,1,2,0,1,1,0
"POINT (9.699334928000042 52.391653030000043)",Unfall 198517 (2020) Kat:2, Licht: 0,198517,2,4,6,09,11,6,0,0,0,1,1,0
"POINT (9.803848513000048 52.391413465000028)",Unfall 198518 (2020) Kat:3, Licht: 0,198518,3,6,2,09,09,5,1,0,0,1,0,0
"POINT (9.752313582000056 52.377716611000039)",Unfall 198519 (2020) Kat:3, Licht: 0,198519,3,6,3,09,10,4,0,0,1,0,0,0
"POINT (9.700294206000024 52.375583230000075)",Unfall 198522 (2020) Kat:3, Licht: 0,198522,3,7,0,09,07,4,0,0,1,0,0,0
"POINT (9.773717858000055 52.400382035000064)",Unfall 198527 (2020) Kat:3, Licht: 0,198527,3,6,2,09,10,7,0,0,1,0,0,0
"POINT (9.693609484000035 52.391807010000036)",Unfall 198531 (2020) Kat:3, Licht: 0,198531,3,7,0,09,17,4,0,0,1,0,0,0
"POINT (9.683125713000038 52.393693444000064)",Unfall 198539 (2020) Kat:3, Licht: 2,198539,3,7,5,09,06,3,0,2,1,0,0,1
"POINT (9.670449222000059 52.358981914000026)",Unfall 198542 (2020) Kat:3, Licht: 0,198542,3,4,6,09,15,2,0,0,1,0,1,0
"POINT (9.717225224000060 52.345841992000032)",Unfall 198546 (2020) Kat:3, Licht: 0,198546,3,1,0,09,16,2,0,0,0,0,0,0
"POINT (9.774478350000038 52.371145098000056)",Unfall 198551 (2020) Kat:3, Licht: 0,198551,3,3,5,09,09,3,0,0,0,1,0,0
"POINT (9.768682596000076 52.356596010000032)",Unfall 198554 (2020) Kat:3, Licht: 2,198554,3,1,0,09,21,5,0,2,1,0,0,0
"POINT (9.724786603000041 52.396424491000062)",Unfall 198560 (2020) Kat:3, Licht: 0,198560,3,7,0,09,17,6,0,0,1,0,0,0
"POINT (10.202696999000068 52.463996075000068)",Unfall 198565 (2020) Kat:3, Licht: 0,198565,3,7,0,09,18,5,0,0,0,0,0,0
"POINT (9.762926993000065 52.407951151000077)",Unfall 198569 (2020) Kat:3, Licht: 2,198569,3,1,7,09,21,7,1,2,0,1,0,0
"POINT (9.626548781000054 52.221626578000041)",Unfall 198573 (2020) Kat:3, Licht: 0,198573,3,6,2,09,14,4,0,0,0,1,0,1
"POINT (9.732260811000060 52.327808717000039)",Unfall 198575 (2020) Kat:3, Licht: 0,198575,3,7,0,09,09,1,1,0,1,0,0,0
"POINT (9.731263780000063 52.376026541000044)",Unfall 198576 (2020) Kat:3, Licht: 0,198576,3,3,5,09,11,4,0,0,1,0,0,0
"POINT (9.719486044000064 52.362425625000071)",Unfall 198581 (2020) Kat:2, Licht: 2,198581,2,1,0,09,00,7,0,2,1,0,0,0
"POINT (9.975688290000051 52.378252299000053)",Unfall 198596 (2020) Kat:3, Licht: 0,198596,3,7,0,09,14,3,0,0,1,0,0,0
"POINT (9.762534426000059 52.340825917000075)",Unfall 198599 (2020) Kat:3, Licht: 0,198599,3,3,5,09,18,2,0,0,0,1,0,0
"POINT (9.708684299000026 52.370451458000048)",Unfall 198604 (2020) Kat:3, Licht: 0,198604,3,3,5,09,07,3,0,0,0,1,0,1
"POINT (9.744459754000047 52.374439374000076)",Unfall 198606 (2020) Kat:3, Licht: 0,198606,3,2,4,09,09,5,0,0,0,1,0,0
"POINT (9.792603811000049 52.413082871000029)",Unfall 198611 (2020) Kat:3, Licht: 0,198611,3,6,4,09,11,2,0,0,1,1,0,0
"POINT (9.658658427000034 52.429498996000063)",Unfall 198617 (2020) Kat:3, Licht: 2,198617,3,6,2,09,06,4,1,2,0,1,0,1
"POINT (9.773280192000073 52.375792591000049)",Unfall 198622 (2020) Kat:3, Licht: 1,198622,3,6,4,09,18,7,1,1,0,1,0,1
"POINT (9.711771197000076 52.360796641000036)",Unfall 198624 (2020) Kat:3, Licht: 2,198624,3,2,5,09,21,7,1,2,1,0,0,0
"POINT (10.013454542000034 52.443774752000081)",Unfall 198625 (2020) Kat:3, Licht: 0,198625,3,6,2,09,12,6,0,0,0,1,0,0
"POINT (9.790691093000021 52.349367865000033)",Unfall 198626 (2020) Kat:3, Licht: 0,198626,3,6,2,09,16,4,0,0,0,1,0,0
"POINT (9.726887295000040 52.352053413000078)",Unfall 198634 (2020) Kat:3, Licht: 0,198634,3,6,4,09,16,2,0,0,1,0,0,0
"POINT (9.728567911000027 52.394601465000051)",Unfall 198638 (2020) Kat:3, Licht: 2,198638,3,3,5,09,23,4,0,2,0,1,0,0
"POINT (9.735797829000035 52.362568287000045)",Unfall 198645 (2020) Kat:2, Licht: 0,198645,2,7,0,09,09,3,0,0,0,1,0,1
"POINT (9.600735962000044 52.437850507000064)",Unfall 198648 (2020) Kat:3, Licht: 0,198648,3,3,5,09,08,2,1,0,1,1,0,0
"POINT (9.826349862000029 52.289661700000067)",Unfall 198658 (2020) Kat:3, Licht: 0,198658,3,3,5,09,08,5,1,0,0,1,0,0
"POINT (9.726312126000039 52.388376897000057)",Unfall 198660 (2020) Kat:3, Licht: 2,198660,3,2,5,09,04,2,1,2,1,1,0,0
"POINT (9.783347291000041 52.323219561000030)",Unfall 198664 (2020) Kat:3, Licht: 0,198664,3,7,0,09,12,6,0,0,1,0,1,0
"POINT (9.733849435000025 52.369348010000067)",Unfall 198665 (2020) Kat:3, Licht: 0,198665,3,6,2,09,19,4,0,0,0,1,0,0
"POINT (9.668334656000070 52.343764007000061)",Unfall 198667 (2020) Kat:3, Licht: 1,198667,3,2,5,09,18,3,0,1,1,1,0,0
"POINT (9.619806377000032 52.441066534000072)",Unfall 198670 (2020) Kat:3, Licht: 1,198670,3,3,5,09,07,5,1,1,0,1,0,0
"POINT (9.722143986000049 52.376847195000039)",Unfall 198674 (2020) Kat:3, Licht: 0,198674,3,3,5,09,12,7,0,0,1,1,0,0
"POINT (9.429621083000029 52.415978588000030)",Unfall 198678 (2020) Kat:3, Licht: 0,198678,3,4,6,09,15,4,0,0,0,1,1,0
"POINT (9.751993536000043 52.372921605000045)",Unfall 198683 (2020) Kat:3, Licht: 0,198683,3,2,5,10,08,4,1,0,1,1,0,0
"POINT (9.713715828000034 52.385457550000069)",Unfall 198685 (2020) Kat:3, Licht: 0,198685,3,7,0,10,16,4,1,0,1,0,0,0
"POINT (9.743975009000053 52.390469728000028)",Unfall 198686 (2020) Kat:3, Licht: 0,198686,3,2,5,10,10,4,1,0,1,1,0,0
"POINT (9.743753220000031 52.357032025000080)",Unfall 198688 (2020) Kat:3, Licht: 2,198688,3,3,5,10,06,4,1,2,1,1,0,0
"POINT (9.744402818000026 52.370734147000064)",Unfall 198707 (2020) Kat:3, Licht: 0,198707,3,3,5,10,11,5,1,0,1,1,0,0
"POINT (9.720017356000028 52.397031807000076)",Unfall 198715 (2020) Kat:3, Licht: 0,198715,3,3,5,10,08,4,1,0,1,1,0,0
"POINT (9.744348167000055 52.374456381000073)",Unfall 198727 (2020) Kat:3, Licht: 2,198727,3,2,5,10,19,4,1,2,1,1,0,0
"POINT (9.705393384000047 52.367057918000057)",Unfall 198738 (2020) Kat:3, Licht: 0,198738,3,1,0,10,15,4,1,0,0,0,0,1
"POINT (9.753555232000053 52.369412127000032)",Unfall 198751 (2020) Kat:3, Licht: 0,198751,3,3,5,10,07,3,1,0,0,1,0,0
"POINT (9.716153495000071 52.399570491000077)",Unfall 198752 (2020) Kat:3, Licht: 0,198752,3,3,5,10,08,3,1,0,0,1,0,0
"POINT (9.673689733000060 52.365305012000078)",Unfall 198754 (2020) Kat:3, Licht: 0,198754,3,2,0,10,08,3,1,0,1,0,0,0
"POINT (9.740954114000033 52.404663890000052)",Unfall 198755 (2020) Kat:3, Licht: 0,198755,3,2,0,10,10,3,1,0,1,1,0,0
"POINT (9.727894533000040 52.389588157000048)",Unfall 198757 (2020) Kat:2, Licht: 0,198757,2,1,8,10,10,3,1,0,1,0,0,0
"POINT (9.782591496000066 52.398526172000061)",Unfall 198778 (2020) Kat:3, Licht: 0,198778,3,6,2,10,09,4,1,0,0,1,0,0
"POINT (9.758764052000061 52.341313648000039)",Unfall 198781 (2020) Kat:3, Licht: 1,198781,3,3,5,10,18,4,1,1,0,1,0,0
"POINT (9.741727724000043 52.398598960000072)",Unfall 198789 (2020) Kat:3, Licht: 0,198789,3,6,2,10,14,4,1,0,0,1,0,0
"POINT (9.701459093000040 52.408710437000082)",Unfall 198798 (2020) Kat:3, Licht: 2,198798,3,3,5,10,05,5,0,2,0,1,0,0
"POINT (9.736056546000043 52.368485157000066)",Unfall 198800 (2020) Kat:3, Licht: 0,198800,3,1,0,10,16,5,0,0,0,0,0,0
"POINT (9.688789674000077 52.363580980000052)",Unfall 198802 (2020) Kat:3, Licht: 0,198802,3,3,5,10,17,5,0,0,1,1,0,0
"POINT (9.679698195000071 52.416137290000052)",Unfall 198810 (2020) Kat:3, Licht: 0,198810,3,2,0,10,11,5,0,0,0,1,0,1
"POINT (9.812061371000027 52.299918660000060)",Unfall 198811 (2020) Kat:3, Licht: 0,198811,3,3,5,10,16,2,0,0,1,1,0,0
"POINT (9.739963265000029 52.369098468000061)",Unfall 198812 (2020) Kat:3, Licht: 0,198812,3,3,0,10,11,2,0,0,1,1,0,0
"POINT (9.744236705000049 52.373334870000065)",Unfall 198814 (2020) Kat:3, Licht: 0,198814,3,1,0,10,10,2,1,0,1,0,0,0
"POINT (9.862816312000064 52.370391920000031)",Unfall 198816 (2020) Kat:3, Licht: 0,198816,3,2,4,10,07,2,0,0,0,0,0,1
"POINT (9.719627953000043 52.366476138000053)",Unfall 198817 (2020) Kat:3, Licht: 2,198817,3,1,0,10,21,2,0,2,1,0,0,0
"POINT (9.740876733000050 52.410718324000072)",Unfall 198819 (2020) Kat:3, Licht: 0,198819,3,6,2,10,09,2,1,0,0,1,0,1
"POINT (9.749833308000063 52.389378482000041)",Unfall 198821 (2020) Kat:3, Licht: 0,198821,3,6,4,10,17,2,0,0,1,0,0,0
"POINT (9.483924638000076 52.310837292000031)",Unfall 198822 (2020) Kat:3, Licht: 0,198822,3,7,7,10,11,2,0,0,1,0,0,0
"POINT (9.753928072000065 52.386217900000076)",Unfall 198824 (2020) Kat:3, Licht: 2,198824,3,7,0,10,07,4,1,2,1,0,0,0
"POINT (9.610030068000071 52.417685429000073)",Unfall 198825 (2020) Kat:3, Licht: 0,198825,3,3,5,10,16,2,0,0,1,1,0,0
"POINT (10.013360455000054 52.443761786000039)",Unfall 198828 (2020) Kat:3, Licht: 0,198828,3,2,2,10,11,2,0,0,0,1,0,0
"POINT (9.663768834000052 52.379950278000081)",Unfall 198831 (2020) Kat:2, Licht: 0,198831,2,4,6,10,07,2,0,0,0,1,1,0
"POINT (9.759558892000030 52.364385869000046)",Unfall 198832 (2020) Kat:3, Licht: 0,198832,3,5,1,10,12,2,0,0,1,0,0,0
"POINT (9.475613726000063 52.293828080000026)",Unfall 198836 (2020) Kat:3, Licht: 0,198836,3,7,0,10,14,4,1,0,1,0,0,0
"POINT (9.488683164000065 52.308714923000082)",Unfall 198847 (2020) Kat:3, Licht: 2,198847,3,2,5,10,06,4,1,2,1,1,0,0
"POINT (9.752963502000057 52.388640282000040)",Unfall 198848 (2020) Kat:3, Licht: 0,198848,3,2,5,10,18,1,0,0,1,1,0,0
"POINT (10.144195614000068 52.463551720000055)",Unfall 198850 (2020) Kat:3, Licht: 0,198850,3,3,5,10,07,1,0,0,1,1,0,0
"POINT (9.740817027000048 52.376336127000059)",Unfall 198852 (2020) Kat:3, Licht: 2,198852,3,7,6,10,00,1,0,2,0,0,1,0
"POINT (9.744234225000071 52.373318496000081)",Unfall 198885 (2020) Kat:3, Licht: 1,198885,3,1,0,10,18,7,1,1,1,1,0,0
"POINT (9.823897936000037 52.383464712000034)",Unfall 198886 (2020) Kat:3, Licht: 0,198886,3,3,5,10,14,4,1,0,0,1,0,0
"POINT (9.462658140000031 52.494660974000055)",Unfall 198887 (2020) Kat:3, Licht: 2,198887,3,3,5,10,19,7,0,2,0,1,0,0
"POINT (9.757954386000051 52.373629712000081)",Unfall 198888 (2020) Kat:2, Licht: 0,198888,2,4,6,10,17,7,0,0,0,1,1,0
"POINT (9.968469997000057 52.367597339000042)",Unfall 198890 (2020) Kat:3, Licht: 1,198890,3,3,5,10,17,4,1,1,1,1,0,0
"POINT (9.706664254000032 52.390973697000049)",Unfall 198891 (2020) Kat:3, Licht: 2,198891,3,1,8,10,00,7,0,2,1,0,0,0
"POINT (9.750192099000060 52.449945788000036)",Unfall 198893 (2020) Kat:3, Licht: 0,198893,3,1,0,10,13,4,0,0,1,0,0,0
"POINT (9.723449362000054 52.342456395000056)",Unfall 198900 (2020) Kat:3, Licht: 2,198900,3,6,3,10,18,4,1,2,1,0,0,0
"POINT (9.734148028000050 52.381285623000053)",Unfall 198935 (2020) Kat:3, Licht: 1,198935,3,3,5,10,20,6,0,1,0,1,0,1
"POINT (9.750830689000054 52.375425318000055)",Unfall 198936 (2020) Kat:3, Licht: 0,198936,3,2,3,10,18,6,0,0,1,1,0,0
"POINT (9.461211743000035 52.422465890000069)",Unfall 198937 (2020) Kat:3, Licht: 1,198937,3,6,2,10,06,6,0,1,1,0,0,0
"POINT (9.720130846000075 52.354778526000075)",Unfall 198938 (2020) Kat:3, Licht: 0,198938,3,6,4,10,06,6,0,0,1,0,0,0
"POINT (9.800146255000072 52.406073092000042)",Unfall 198942 (2020) Kat:3, Licht: 0,198942,3,6,2,10,16,4,1,0,0,1,0,0
"POINT (9.652352303000043 52.415364364000027)",Unfall 198944 (2020) Kat:3, Licht: 0,198944,3,2,4,10,18,4,1,0,1,1,0,0
"POINT (9.656543814000031 52.407361124000033)",Unfall 198947 (2020) Kat:3, Licht: 0,198947,3,2,2,10,14,4,1,0,0,1,0,0
"POINT (9.741911827000024 52.382326713000054)",Unfall 198952 (2020) Kat:3, Licht: 0,198952,3,1,4,10,13,6,0,0,0,1,0,0
"POINT (9.738799284000038 52.381636345000061)",Unfall 198954 (2020) Kat:3, Licht: 2,198954,3,6,2,10,21,6,0,2,0,1,0,0
"POINT (9.692278560000034 52.398137499000029)",Unfall 198959 (2020) Kat:3, Licht: 0,198959,3,2,5,10,14,6,0,0,1,1,0,0
"POINT (9.749325354000064 52.390300911000054)",Unfall 198960 (2020) Kat:3, Licht: 0,198960,3,7,0,10,16,2,0,0,1,0,0,0
"POINT (9.692420726000023 52.396654517000059)",Unfall 198961 (2020) Kat:3, Licht: 0,198961,3,3,5,10,09,6,0,0,1,1,0,0
"POINT (9.783717960000047 52.313422023000044)",Unfall 198962 (2020) Kat:3, Licht: 0,198962,3,7,0,10,15,5,0,0,1,0,0,0
"POINT (9.823856189000026 52.383452767000051)",Unfall 198964 (2020) Kat:3, Licht: 0,198964,3,1,0,10,10,6,1,0,0,0,0,1
"POINT (9.787066431000028 52.410120388000053)",Unfall 198966 (2020) Kat:3, Licht: 0,198966,3,3,5,10,12,7,0,0,1,1,0,0
"POINT (9.587371628000028 52.416597046000049)",Unfall 198967 (2020) Kat:3, Licht: 0,198967,3,2,5,10,16,3,0,0,0,1,0,0
"POINT (9.756093208000038 52.377516862000050)",Unfall 198971 (2020) Kat:3, Licht: 0,198971,3,3,5,10,07,6,1,0,1,1,0,0
"POINT (9.457079277000048 52.503393023000058)",Unfall 198978 (2020) Kat:3, Licht: 0,198978,3,7,0,10,10,1,0,0,1,0,0,0
"POINT (9.750957792000065 52.388976818000060)",Unfall 198988 (2020) Kat:3, Licht: 2,198988,3,6,2,10,23,7,1,2,0,1,0,0
"POINT (9.717350915000054 52.349024190000080)",Unfall 198998 (2020) Kat:3, Licht: 0,198998,3,2,5,10,11,1,0,0,0,1,0,0
"POINT (9.743917031000024 52.386868594000077)",Unfall 199002 (2020) Kat:3, Licht: 2,199002,3,7,7,10,20,6,0,2,1,0,0,0
"POINT (9.752872172000025 52.366929826000046)",Unfall 199004 (2020) Kat:3, Licht: 0,199004,3,5,1,10,11,6,0,0,1,1,0,0
"POINT (9.709459887000037 52.372764615000051)",Unfall 199008 (2020) Kat:3, Licht: 0,199008,3,1,0,10,13,4,0,0,1,0,0,0
"POINT (9.772263605000035 52.395540810000057)",Unfall 199014 (2020) Kat:3, Licht: 2,199014,3,3,0,10,05,5,1,2,0,1,0,1
"POINT (9.949503032000052 52.347771003000048)",Unfall 199017 (2020) Kat:3, Licht: 2,199017,3,1,8,10,01,2,1,2,0,0,0,1
"POINT (9.784119641000075 52.375614310000060)",Unfall 199024 (2020) Kat:3, Licht: 2,199024,3,3,5,10,18,3,0,2,1,0,0,0
"POINT (9.979126287000042 52.327000001000044)",Unfall 199039 (2020) Kat:2, Licht: 2,199039,2,1,8,10,21,7,0,2,0,1,0,0
"POINT (9.784541296000043 52.372533010000041)",Unfall 199047 (2020) Kat:3, Licht: 0,199047,3,1,0,10,12,6,0,0,1,0,0,0
"POINT (9.745407152000041 52.378747336000060)",Unfall 199048 (2020) Kat:3, Licht: 2,199048,3,3,5,10,00,1,1,2,0,1,0,0
"POINT (9.813892401000032 52.398966740000049)",Unfall 199050 (2020) Kat:3, Licht: 0,199050,3,2,4,10,07,6,1,0,0,1,0,0
"POINT (9.753321447000076 52.390230338000038)",Unfall 199053 (2020) Kat:3, Licht: 2,199053,3,3,5,10,23,1,1,2,1,1,0,0
"POINT (9.774653104000038 52.403866906000076)",Unfall 199056 (2020) Kat:3, Licht: 0,199056,3,4,0,10,14,6,0,0,1,1,1,0
"POINT (9.791667462000021 52.375308765000057)",Unfall 199061 (2020) Kat:3, Licht: 0,199061,3,1,0,10,08,6,1,0,1,0,0,0
"POINT (9.826427477000038 52.297597338000060)",Unfall 199062 (2020) Kat:3, Licht: 0,199062,3,3,5,10,16,4,0,0,0,1,0,0
"POINT (10.014579410000067 52.443665137000039)",Unfall 199071 (2020) Kat:3, Licht: 1,199071,3,4,6,10,07,2,0,1,0,1,1,0
"POINT (9.710815863000050 52.373174350000056)",Unfall 199079 (2020) Kat:3, Licht: 2,199079,3,3,5,10,05,3,0,2,1,1,0,0
"POINT (9.721186869000064 52.390348476000042)",Unfall 199092 (2020) Kat:3, Licht: 2,199092,3,1,0,10,19,1,1,2,1,0,0,0
"POINT (9.758327564000069 52.359282345000054)",Unfall 199094 (2020) Kat:3, Licht: 0,199094,3,1,0,10,12,6,1,0,0,0,0,1
"POINT (9.718708174000028 52.365325460000065)",Unfall 199101 (2020) Kat:3, Licht: 0,199101,3,6,2,10,13,7,0,0,0,1,0,0
"POINT (9.732767812000077 52.380058775000066)",Unfall 199109 (2020) Kat:3, Licht: 0,199109,3,2,3,10,13,6,0,0,1,0,0,0
"POINT (9.686424242000044 52.340612515000032)",Unfall 199112 (2020) Kat:3, Licht: 0,199112,3,1,1,10,17,1,1,0,0,1,0,1
"POINT (9.832018514000026 52.423341029000028)",Unfall 199115 (2020) Kat:3, Licht: 1,199115,3,6,2,10,16,2,1,1,1,1,0,0
"POINT (9.739633335000065 52.381203451000033)",Unfall 199118 (2020) Kat:3, Licht: 0,199118,3,3,5,10,12,6,0,0,1,1,0,0
"POINT (9.749186931000054 52.398494001000074)",Unfall 199121 (2020) Kat:3, Licht: 0,199121,3,6,4,10,13,6,1,0,1,0,0,0
"POINT (9.686433165000040 52.442034986000067)",Unfall 199128 (2020) Kat:3, Licht: 0,199128,3,5,1,10,10,5,1,0,0,1,0,0
"POINT (9.743730308000068 52.384833418000028)",Unfall 199133 (2020) Kat:2, Licht: 0,199133,2,7,0,10,11,7,0,0,1,0,0,0
"POINT (9.710578440000063 52.367320995000057)",Unfall 199147 (2020) Kat:3, Licht: 0,199147,3,3,0,10,15,1,1,0,1,1,0,0
"POINT (10.174933329000055 52.406684142000074)",Unfall 199149 (2020) Kat:3, Licht: 0,199149,3,7,0,10,09,3,1,0,1,0,0,0
"POINT (9.569359239000050 52.274151785000072)",Unfall 199153 (2020) Kat:3, Licht: 0,199153,3,7,0,10,16,7,0,0,1,0,0,0
"POINT (9.750588642000025 52.357830081000031)",Unfall 199154 (2020) Kat:2, Licht: 0,199154,2,1,0,10,08,5,0,0,1,0,0,0
"POINT (9.698904025000047 52.391711063000059)",Unfall 199161 (2020) Kat:3, Licht: 1,199161,3,4,6,10,18,5,1,1,0,1,1,0
"POINT (9.619862162000061 52.441074337000032)",Unfall 199162 (2020) Kat:3, Licht: 2,199162,3,2,2,10,19,6,0,2,0,1,0,0
"POINT (9.728640485000028 52.548497079000072)",Unfall 199165 (2020) Kat:3, Licht: 0,199165,3,1,8,10,08,6,1,0,1,0,0,0
"POINT (9.720747100000040 52.390469810000070)",Unfall 199168 (2020) Kat:3, Licht: 1,199168,3,6,4,10,18,1,0,1,1,1,0,0
"POINT (9.741907662000074 52.375709240000049)",Unfall 199170 (2020) Kat:3, Licht: 1,199170,3,3,5,10,18,6,0,1,1,1,0,0
"POINT (9.618271207000021 52.405760630000032)",Unfall 199174 (2020) Kat:3, Licht: 2,199174,3,3,5,10,05,5,0,2,1,1,0,0
"POINT (9.856939211000054 52.503254518000062)",Unfall 199175 (2020) Kat:3, Licht: 0,199175,3,3,5,10,15,6,0,0,1,1,0,0
"POINT (9.953596916000038 52.384403086000077)",Unfall 199176 (2020) Kat:3, Licht: 2,199176,3,6,0,10,22,4,1,2,1,1,0,0
"POINT (9.694504081000048 52.340628280000033)",Unfall 199180 (2020) Kat:3, Licht: 2,199180,3,3,5,10,18,5,1,2,0,1,0,0
"POINT (9.736796144000039 52.376888189000056)",Unfall 199182 (2020) Kat:3, Licht: 1,199182,3,3,5,10,20,5,1,1,1,1,0,0
"POINT (9.856811688000050 52.494237403000056)",Unfall 199183 (2020) Kat:3, Licht: 0,199183,3,5,0,10,15,2,1,0,1,1,0,0
"POINT (9.835526498000036 52.392498394000029)",Unfall 199184 (2020) Kat:3, Licht: 1,199184,3,3,5,10,18,5,1,1,1,1,0,0
"POINT (9.659318690000021 52.384539483000026)",Unfall 199187 (2020) Kat:3, Licht: 0,199187,3,2,5,10,15,5,0,0,1,1,0,0
"POINT (9.808800749000056 52.370456438000076)",Unfall 199190 (2020) Kat:3, Licht: 0,199190,3,2,3,10,14,3,0,0,1,1,0,0
"POINT (9.748923943000023 52.377429767000081)",Unfall 199192 (2020) Kat:3, Licht: 0,199192,3,1,0,10,17,5,1,0,0,0,0,1
"POINT (9.748800595000034 52.376023444000054)",Unfall 199195 (2020) Kat:3, Licht: 0,199195,3,2,4,10,17,5,1,0,1,1,0,0
"POINT (9.745505561000073 52.385723606000056)",Unfall 199200 (2020) Kat:3, Licht: 0,199200,3,5,1,10,13,5,1,0,1,1,0,0
"POINT (9.752641489000041 52.395078617000081)",Unfall 199205 (2020) Kat:3, Licht: 0,199205,3,6,2,10,11,5,1,0,0,1,0,0
"POINT (9.746695649000060 52.392630250000082)",Unfall 199208 (2020) Kat:3, Licht: 0,199208,3,2,2,10,09,5,1,0,0,1,0,0
"POINT (9.662662687000022 52.444691187000046)",Unfall 199216 (2020) Kat:3, Licht: 2,199216,3,4,6,10,21,5,1,2,0,1,1,0
"POINT (9.857811051000056 52.432758134000039)",Unfall 199217 (2020) Kat:3, Licht: 0,199217,3,3,5,10,07,6,0,0,1,1,0,0