WKT,Name,OBJECTID,UKATEGORIE,UTYP1,UART,UMONAT,USTUNDE,UWOCHENTAG,STRZUSTAND,ULICHTVERH,ISTRAD,ISTPKW,ISTFUSS,ISTKRAD
"POINT (9.738878857000032 52.438164310000047)",Unfall 199221 (2020) Kat:3, Licht: 0,199221,3,3,5,10,11,1,0,0,0,1,0,0
"POINT (10.026467964000062 52.441724514000043)",Unfall 199227 (2020) Kat:3, Licht: 2,199227,3,6,4,10,19,5,1,2,1,0,0,0
"POINT (9.378038508000032 52.457085871000061)",Unfall 199233 (2020) Kat:3, Licht: 0,199233,3,5,1,10,13,3,0,0,1,0,0,0
"POINT (9.757799616000057 52.359609001000081)",Unfall 199256 (2020) Kat:3, Licht: 1,199256,3,5,1,10,07,4,1,1,1,0,0,0
"POINT (9.727147872000046 52.563046208000060)",Unfall 199257 (2020) Kat:3, Licht: 0,199257,3,3,5,10,10,3,0,0,1,1,0,0
"POINT (9.655332983000051 52.419703039000069)",Unfall 199261 (2020) Kat:3, Licht: 2,199261,3,3,5,10,07,4,1,2,0,1,0,0
"POINT (9.727534416000026 52.382366004000062)",Unfall 199263 (2020) Kat:3, Licht: 0,199263,3,3,5,10,15,4,0,0,0,1,0,0
"POINT (9.713253496000050 52.371455372000071)",Unfall 199265 (2020) Kat:2, Licht: 0,199265,2,1,0,10,14,4,0,0,1,0,0,0
"POINT (9.732571205000056 52.378492927000082)",Unfall 199267 (2020) Kat:3, Licht: 0,199267,3,3,0,10,16,4,0,0,1,1,0,0
"POINT (9.652047055000026 52.413151473000028)",Unfall 199268 (2020) Kat:3, Licht: 0,199268,3,3,5,10,16,2,0,0,1,1,0,0
"POINT (9.715803916000027 52.344888574000038)",Unfall 199269 (2020) Kat:3, Licht: 0,199269,3,2,4,10,14,2,1,0,0,1,0,0
"POINT (9.731130323000059 52.378687901000035)",Unfall 199271 (2020) Kat:3, Licht: 0,199271,3,2,5,10,08,2,0,0,1,1,0,0
"POINT (9.716351184000075 52.372486624000032)",Unfall 199272 (2020) Kat:3, Licht: 0,199272,3,6,2,10,10,4,1,0,0,1,0,0
"POINT (9.744402252000043 52.370734137000056)",Unfall 199273 (2020) Kat:3, Licht: 0,199273,3,3,5,10,16,3,0,0,1,1,0,0
"POINT (9.781165969000028 52.399859462000052)",Unfall 199274 (2020) Kat:3, Licht: 0,199274,3,6,2,10,15,2,1,0,0,1,0,0
"POINT (9.739818136000054 52.382943149000027)",Unfall 199276 (2020) Kat:3, Licht: 0,199276,3,4,6,10,15,2,0,0,1,0,1,0
"POINT (9.739744764000022 52.381034308000039)",Unfall 199277 (2020) Kat:3, Licht: 0,199277,3,6,2,10,15,4,1,0,0,1,0,0
"POINT (9.737041073000057 52.404574700000069)",Unfall 199278 (2020) Kat:3, Licht: 0,199278,3,3,5,10,09,2,0,0,1,1,0,0
"POINT (9.448919593000028 52.417079488000070)",Unfall 199279 (2020) Kat:3, Licht: 0,199279,3,3,5,10,08,2,1,0,1,1,0,0
"POINT (9.744621637000023 52.395166225000082)",Unfall 199280 (2020) Kat:3, Licht: 2,199280,3,7,5,10,17,2,0,2,0,1,0,0
"POINT (9.759205056000042 52.339070659000072)",Unfall 199282 (2020) Kat:3, Licht: 0,199282,3,1,0,10,08,2,0,0,1,0,0,0
"POINT (9.741727724000043 52.398598960000072)",Unfall 199283 (2020) Kat:3, Licht: 0,199283,3,7,5,10,07,4,1,0,1,1,0,0
"POINT (9.730620291000037 52.374880886000028)",Unfall 199284 (2020) Kat:3, Licht: 0,199284,3,7,5,10,13,3,0,0,0,1,0,0
"POINT (9.811706263000076 52.348053904000039)",Unfall 199285 (2020) Kat:3, Licht: 1,199285,3,1,0,10,06,2,1,1,0,0,0,1
"POINT (9.772163992000060 52.395508881000069)",Unfall 199288 (2020) Kat:3, Licht: 0,199288,3,1,0,10,16,4,1,0,0,0,0,1
"POINT (9.690350120000062 52.374689325000077)",Unfall 199290 (2020) Kat:3, Licht: 0,199290,3,7,0,10,15,4,1,0,1,0,0,0
"POINT (9.769539900000041 52.383510359000070)",Unfall 199294 (2020) Kat:3, Licht: 2,199294,3,7,4,10,06,4,1,2,0,1,0,0
"POINT (9.689860262000025 52.391763827000034)",Unfall 199306 (2020) Kat:3, Licht: 0,199306,3,7,0,10,11,1,1,0,1,0,0,0
"POINT (9.738740101000076 52.369316740000045)",Unfall 199307 (2020) Kat:3, Licht: 0,199307,3,6,3,10,12,4,0,0,1,1,0,0
"POINT (9.641051583000035 52.398377234000066)",Unfall 199308 (2020) Kat:3, Licht: 0,199308,3,3,5,10,15,1,1,0,1,1,0,0
"POINT (9.557182197000032 52.213648323000029)",Unfall 199310 (2020) Kat:2, Licht: 0,199310,2,1,8,10,10,1,0,0,1,1,0,0
"POINT (9.706935246000057 52.402303145000076)",Unfall 199317 (2020) Kat:3, Licht: 2,199317,3,3,5,10,17,4,0,2,1,1,0,0
"POINT (9.714018937000049 52.361105600000030)",Unfall 199325 (2020) Kat:3, Licht: 0,199325,3,6,2,10,08,3,0,0,0,1,0,0
"POINT (9.819320833000063 52.403829201000065)",Unfall 199344 (2020) Kat:3, Licht: 2,199344,3,7,0,10,23,7,0,2,1,0,0,0
"POINT (9.731090031000065 52.361938644000077)",Unfall 199347 (2020) Kat:3, Licht: 0,199347,3,6,6,10,12,7,0,0,1,0,1,0
"POINT (9.728404099000045 52.374058786000035)",Unfall 199349 (2020) Kat:3, Licht: 0,199349,3,2,3,10,14,7,0,0,1,1,0,0
"POINT (9.781018472000028 52.398303935000058)",Unfall 199351 (2020) Kat:3, Licht: 0,199351,3,5,1,10,11,7,1,0,0,1,0,1
"POINT (9.417089717000067 52.444531098000027)",Unfall 199353 (2020) Kat:3, Licht: 0,199353,3,7,7,10,18,7,0,0,1,0,0,0
"POINT (9.713590884000041 52.281147989000033)",Unfall 199355 (2020) Kat:2, Licht: 0,199355,2,7,0,10,12,7,1,0,1,0,0,0
"POINT (9.741535735000070 52.371132831000068)",Unfall 199357 (2020) Kat:3, Licht: 2,199357,3,1,0,10,23,7,0,2,0,0,0,0
"POINT (9.730667922000066 52.374896558000046)",Unfall 199358 (2020) Kat:3, Licht: 2,199358,3,7,3,10,19,7,0,2,0,1,0,0
"POINT (9.738370601000042 52.376990499000044)",Unfall 199360 (2020) Kat:2, Licht: 0,199360,2,5,0,10,16,7,0,0,1,0,0,0
"POINT (9.747250404000056 52.373738164000031)",Unfall 199362 (2020) Kat:3, Licht: 2,199362,3,2,5,10,21,3,1,2,0,1,0,0
"POINT (9.611826305000022 52.407598187000076)",Unfall 199378 (2020) Kat:3, Licht: 2,199378,3,7,0,10,20,4,0,2,1,0,0,0
"POINT (9.695684700000072 52.408682046000081)",Unfall 199405 (2020) Kat:3, Licht: 1,199405,3,6,2,10,17,6,1,1,0,1,0,0
"POINT (9.690055448000067 52.392637259000026)",Unfall 199407 (2020) Kat:3, Licht: 0,199407,3,3,5,10,15,6,1,0,1,1,0,0
"POINT (9.709252470000024 52.341218658000059)",Unfall 199409 (2020) Kat:3, Licht: 0,199409,3,7,0,10,16,6,1,0,1,1,0,0
"POINT (9.731319749000022 52.375106488000029)",Unfall 199411 (2020) Kat:2, Licht: 0,199411,2,7,0,10,13,6,1,0,0,0,0,0
"POINT (9.694085269000027 52.365333517000067)",Unfall 199413 (2020) Kat:3, Licht: 0,199413,3,6,2,10,11,6,1,0,0,1,0,0
"POINT (9.830346367000061 52.424880712000061)",Unfall 199415 (2020) Kat:3, Licht: 0,199415,3,3,5,10,13,6,1,0,1,1,0,0
"POINT (9.377785254000060 52.457994747000043)",Unfall 199417 (2020) Kat:3, Licht: 0,199417,3,2,0,10,16,6,1,0,0,1,0,1
"POINT (9.442940512000064 52.424015482000073)",Unfall 199418 (2020) Kat:3, Licht: 2,199418,3,2,6,10,06,6,1,2,0,0,1,0
"POINT (9.654665725000029 52.317851673000064)",Unfall 199420 (2020) Kat:3, Licht: 0,199420,3,2,5,10,09,6,0,0,1,1,0,0
"POINT (9.729904966000049 52.434958513000026)",Unfall 199422 (2020) Kat:3, Licht: 2,199422,3,5,1,10,21,6,1,2,1,1,0,0
"POINT (9.741178169000023 52.448863437000057)",Unfall 199424 (2020) Kat:3, Licht: 0,199424,3,5,1,10,16,6,1,0,0,1,0,0
"POINT (9.764543858000025 52.395558480000034)",Unfall 199425 (2020) Kat:3, Licht: 0,199425,3,4,6,10,11,6,1,0,1,0,1,0
"POINT (9.621417241000074 52.406232850000038)",Unfall 199426 (2020) Kat:3, Licht: 0,199426,3,1,0,10,09,6,1,0,1,0,0,0
"POINT (9.791342763000046 52.404271657000038)",Unfall 199428 (2020) Kat:3, Licht: 0,199428,3,2,5,10,10,6,0,0,1,1,0,0
"POINT (9.701189237000051 52.375280067000062)",Unfall 199432 (2020) Kat:3, Licht: 2,199432,3,4,6,10,19,4,0,2,0,1,1,0
"POINT (9.732784454000068 52.374508731000049)",Unfall 199436 (2020) Kat:3, Licht: 0,199436,3,4,0,10,12,3,0,0,0,1,1,0
"POINT (9.803453712000021 52.481455979000032)",Unfall 199472 (2020) Kat:2, Licht: 2,199472,2,1,0,10,06,2,1,2,1,0,0,0
"POINT (9.836228796000057 52.338502404000053)",Unfall 199474 (2020) Kat:3, Licht: 0,199474,3,3,5,10,16,4,0,0,1,1,0,0
"POINT (9.751223331000062 52.368342747000042)",Unfall 199486 (2020) Kat:3, Licht: 0,199486,3,3,5,10,11,5,0,0,1,0,0,0
"POINT (9.748546545000068 52.411003324000035)",Unfall 199487 (2020) Kat:3, Licht: 0,199487,3,6,3,10,15,4,0,0,1,0,0,0
"POINT (9.663842231000047 52.385415305000038)",Unfall 199488 (2020) Kat:3, Licht: 0,199488,3,2,5,10,11,5,0,0,1,1,0,0
"POINT (9.795021941000073 52.411703710000040)",Unfall 199490 (2020) Kat:3, Licht: 0,199490,3,3,5,10,15,5,0,0,1,1,0,0
"POINT (9.739448155000048 52.394392944000060)",Unfall 199491 (2020) Kat:3, Licht: 0,199491,3,7,0,10,15,5,0,0,1,0,0,0
"POINT (9.768952927000044 52.362905025000032)",Unfall 199492 (2020) Kat:3, Licht: 2,199492,3,7,0,10,05,5,1,2,1,0,0,0
"POINT (9.790314253000076 52.395880061000071)",Unfall 199499 (2020) Kat:3, Licht: 2,199499,3,2,4,10,18,3,0,2,1,1,0,0
"POINT (9.746563764000030 52.386935791000042)",Unfall 199501 (2020) Kat:3, Licht: 0,199501,3,2,6,10,11,3,0,0,0,1,1,0
"POINT (9.645611190000068 52.399387615000080)",Unfall 199509 (2020) Kat:3, Licht: 0,199509,3,5,2,11,16,4,0,0,0,1,0,0
"POINT (9.754299083000035 52.368614246000050)",Unfall 199510 (2020) Kat:3, Licht: 0,199510,3,3,5,10,14,6,1,0,1,1,0,0
"POINT (9.787411288000044 52.332822294000039)",Unfall 199512 (2020) Kat:3, Licht: 0,199512,3,1,8,11,14,3,0,0,0,0,0,1
"POINT (9.707208250000065 52.404811169000027)",Unfall 199513 (2020) Kat:3, Licht: 0,199513,3,7,2,10,14,6,1,0,0,1,0,1
"POINT (9.744103816000063 52.372532061000072)",Unfall 199520 (2020) Kat:3, Licht: 0,199520,3,3,5,10,15,6,1,0,1,1,0,0
"POINT (9.727280324000049 52.323165329000062)",Unfall 199526 (2020) Kat:3, Licht: 1,199526,3,3,5,11,08,6,1,1,1,1,0,0
"POINT (9.759859995000056 52.341795297000033)",Unfall 199532 (2020) Kat:3, Licht: 1,199532,3,1,0,10,17,6,1,1,0,0,0,1
"POINT (9.766831756000045 52.566552839000053)",Unfall 199540 (2020) Kat:3, Licht: 0,199540,3,7,0,11,15,3,0,0,0,0,0,0
"POINT (9.381454403000021 52.460016769000049)",Unfall 199541 (2020) Kat:3, Licht: 0,199541,3,3,5,10,12,6,1,0,0,1,0,0
"POINT (9.454572673000030 52.503506102000074)",Unfall 199547 (2020) Kat:2, Licht: 0,199547,2,7,0,10,13,6,1,0,1,0,0,0
"POINT (9.715368247000072 52.345018860000039)",Unfall 199548 (2020) Kat:3, Licht: 2,199548,3,4,6,11,18,7,0,2,0,1,1,0
"POINT (9.773940361000030 52.415690277000067)",Unfall 199550 (2020) Kat:3, Licht: 0,199550,3,7,2,11,10,5,0,0,0,1,0,0
"POINT (9.683689075000075 52.345192660000066)",Unfall 199551 (2020) Kat:3, Licht: 0,199551,3,5,1,11,14,4,0,0,1,1,0,0
"POINT (9.758919308000031 52.338563324000063)",Unfall 199552 (2020) Kat:3, Licht: 2,199552,3,1,0,10,18,6,1,2,1,0,0,0
"POINT (9.735838227000045 52.420938816000046)",Unfall 199555 (2020) Kat:3, Licht: 2,199555,3,6,2,10,17,6,1,2,0,1,0,0
"POINT (9.663291915000059 52.403167681000070)",Unfall 199560 (2020) Kat:3, Licht: 0,199560,3,1,0,11,14,5,0,0,1,0,0,0
"POINT (9.596347424000044 52.391803158000073)",Unfall 199561 (2020) Kat:2, Licht: 2,199561,2,5,0,10,20,7,0,2,0,1,0,0
"POINT (9.610188473000051 52.416116948000081)",Unfall 199562 (2020) Kat:2, Licht: 2,199562,2,3,5,11,20,4,0,2,0,1,0,0
"POINT (9.800996059000056 52.404839165000055)",Unfall 199563 (2020) Kat:3, Licht: 0,199563,3,2,5,10,15,6,1,0,1,1,0,0
"POINT (9.669279366000069 52.356701986000076)",Unfall 199583 (2020) Kat:2, Licht: 0,199583,2,1,0,11,08,6,1,0,1,0,0,0
"POINT (9.755011541000044 52.367279565000047)",Unfall 199597 (2020) Kat:3, Licht: 0,199597,3,3,5,11,14,2,0,0,1,0,0,0
"POINT (9.739250917000049 52.374392845000045)",Unfall 199601 (2020) Kat:3, Licht: 0,199601,3,7,0,11,13,2,0,0,0,0,1,0
"POINT (9.756202429000041 52.390634976000058)",Unfall 199602 (2020) Kat:3, Licht: 0,199602,3,3,5,11,09,5,0,0,1,1,0,0
"POINT (9.768140009000035 52.400034009000080)",Unfall 199603 (2020) Kat:3, Licht: 0,199603,3,2,2,11,08,4,0,0,0,1,0,0
"POINT (9.720495486000061 52.368671844000062)",Unfall 199605 (2020) Kat:3, Licht: 0,199605,3,5,0,11,10,2,1,0,1,1,0,0
"POINT (9.745554782000056 52.393619314000034)",Unfall 199609 (2020) Kat:3, Licht: 0,199609,3,1,0,11,16,2,1,0,1,0,0,0
"POINT (9.719772909000028 52.366126025000028)",Unfall 199616 (2020) Kat:3, Licht: 0,199616,3,1,0,11,16,4,0,0,1,0,0,0
"POINT (9.794774426000060 52.273974937000048)",Unfall 199619 (2020) Kat:3, Licht: 0,199619,3,7,0,11,16,2,0,0,1,0,0,0
"POINT (9.751891785000055 52.385944200000040)",Unfall 199622 (2020) Kat:3, Licht: 0,199622,3,6,2,11,08,6,0,0,0,1,0,0
"POINT (9.532516102000045 52.201942477000046)",Unfall 199628 (2020) Kat:3, Licht: 0,199628,3,1,8,11,07,2,1,0,0,1,0,0
"POINT (9.457417138000039 52.503338281000026)",Unfall 199631 (2020) Kat:3, Licht: 0,199631,3,7,8,11,09,2,0,0,0,1,0,0
"POINT (9.720015103000037 52.364701611000044)",Unfall 199635 (2020) Kat:2, Licht: 2,199635,2,1,0,11,21,2,1,2,1,0,0,0
"POINT (9.721283387000028 52.354724055000077)",Unfall 199636 (2020) Kat:3, Licht: 1,199636,3,2,5,11,07,6,1,1,1,1,0,0
"POINT (9.741619230000026 52.378429520000054)",Unfall 199641 (2020) Kat:3, Licht: 0,199641,3,4,6,11,15,2,0,0,0,1,1,0
"POINT (9.746444460000021 52.354101480000054)",Unfall 199645 (2020) Kat:3, Licht: 0,199645,3,6,4,11,11,2,0,0,1,0,0,0
"POINT (10.005637377000028 52.446247976000052)",Unfall 199661 (2020) Kat:3, Licht: 0,199661,3,3,5,11,14,7,0,0,0,1,0,0
"POINT (9.711119999000061 52.367225518000055)",Unfall 199663 (2020) Kat:3, Licht: 2,199663,3,1,0,11,17,5,0,2,1,0,0,0
"POINT (9.613852053000073 52.419583206000027)",Unfall 199676 (2020) Kat:3, Licht: 0,199676,3,5,1,11,08,5,0,0,0,1,0,0
"POINT (9.699609538000061 52.355976760000033)",Unfall 199677 (2020) Kat:3, Licht: 2,199677,3,6,2,10,18,7,0,2,0,1,0,0
"POINT (9.974501223000061 52.377817522000043)",Unfall 199678 (2020) Kat:3, Licht: 2,199678,3,4,6,11,18,4,0,2,0,1,1,0
"POINT (9.677777928000069 52.416009766000059)",Unfall 199697 (2020) Kat:3, Licht: 0,199697,3,3,5,10,14,5,0,0,0,1,0,0
"POINT (9.465784395000071 52.504204838000078)",Unfall 199698 (2020) Kat:3, Licht: 0,199698,3,6,2,11,15,6,0,0,0,1,0,0
"POINT (9.746460858000035 52.395308409000052)",Unfall 199704 (2020) Kat:3, Licht: 2,199704,3,3,5,10,19,5,1,2,0,1,0,1
"POINT (9.557658311000068 52.212270481000076)",Unfall 199715 (2020) Kat:3, Licht: 0,199715,3,3,5,10,15,5,0,0,0,1,0,0
"POINT (9.820593621000057 52.359428478000041)",Unfall 199716 (2020) Kat:3, Licht: 0,199716,3,1,0,11,11,7,0,0,1,0,0,0
"POINT (9.816929243000061 52.356669017000058)",Unfall 199719 (2020) Kat:3, Licht: 0,199719,3,7,2,11,12,5,0,0,1,1,0,0
"POINT (9.707163250000065 52.401818778000063)",Unfall 199720 (2020) Kat:3, Licht: 2,199720,3,5,1,11,19,4,0,2,0,1,0,0
"POINT (9.852744560000076 52.491345783000043)",Unfall 199721 (2020) Kat:3, Licht: 0,199721,3,5,0,10,07,5,0,0,1,1,0,0
"POINT (9.717399770000043 52.350805798000067)",Unfall 199724 (2020) Kat:2, Licht: 2,199724,2,3,5,10,22,5,1,2,1,1,0,0
"POINT (9.703047724000044 52.341274945000066)",Unfall 199731 (2020) Kat:2, Licht: 0,199731,2,2,5,11,10,4,0,0,1,1,0,0
"POINT (9.713382374000048 52.371415219000028)",Unfall 199733 (2020) Kat:3, Licht: 0,199733,3,1,0,11,14,1,0,0,1,0,0,0
"POINT (9.692351784000039 52.397182132000069)",Unfall 199745 (2020) Kat:3, Licht: 0,199745,3,6,0,11,15,1,0,0,1,1,0,0
"POINT (9.777543897000044 52.336592669000026)",Unfall 199749 (2020) Kat:3, Licht: 0,199749,3,1,0,11,10,1,1,0,1,0,0,0
"POINT (9.739979341000037 52.369046498000046)",Unfall 199751 (2020) Kat:3, Licht: 0,199751,3,2,6,11,13,6,0,0,0,0,1,0
"POINT (9.699172385000054 52.355701332000081)",Unfall 199755 (2020) Kat:2, Licht: 0,199755,2,6,0,11,11,1,0,0,1,0,0,0
"POINT (9.581539719000034 52.394957479000027)",Unfall 199772 (2020) Kat:3, Licht: 0,199772,3,7,0,11,08,5,0,0,0,1,0,0
"POINT (9.740478011000050 52.374121856000045)",Unfall 199774 (2020) Kat:3, Licht: 0,199774,3,2,0,11,08,5,0,0,1,0,1,0
"POINT (9.743566355000041 52.357261044000040)",Unfall 199781 (2020) Kat:3, Licht: 0,199781,3,2,5,11,13,3,0,0,1,0,0,0
"POINT (9.729845120000050 52.398189175000027)",Unfall 199782 (2020) Kat:3, Licht: 0,199782,3,2,4,11,13,3,0,0,1,1,0,0
"POINT (9.462102413000025 52.503949708000050)",Unfall 199790 (2020) Kat:3, Licht: 2,199790,3,2,5,11,19,4,0,2,0,1,0,0
"POINT (9.713317701000051 52.371435368000050)",Unfall 199795 (2020) Kat:3, Licht: 0,199795,3,1,0,11,09,3,1,0,1,0,0,0
"POINT (9.652276392000033 52.415351503000068)",Unfall 199796 (2020) Kat:3, Licht: 0,199796,3,2,2,11,08,4,0,0,0,1,0,0
"POINT (9.851920966000023 52.437140214000067)",Unfall 199816 (2020) Kat:3, Licht: 0,199816,3,3,5,11,10,7,1,0,0,1,0,0
"POINT (9.771760325000059 52.406619627000055)",Unfall 199818 (2020) Kat:3, Licht: 1,199818,3,6,4,11,16,4,0,1,1,1,0,0
"POINT (9.809449506000021 52.369228012000065)",Unfall 199820 (2020) Kat:3, Licht: 0,199820,3,3,5,11,12,6,0,0,0,1,0,1
"POINT (9.805707927000071 52.301213563000033)",Unfall 199823 (2020) Kat:3, Licht: 2,199823,3,1,1,11,17,7,0,2,0,1,0,0
"POINT (9.772909125000069 52.361309012000049)",Unfall 199835 (2020) Kat:3, Licht: 0,199835,3,3,5,11,11,6,0,0,0,1,0,0
"POINT (9.573082677000059 52.440098178000028)",Unfall 199836 (2020) Kat:3, Licht: 0,199836,3,3,5,11,15,3,1,0,1,1,0,0
"POINT (9.819210620000035 52.400025395000057)",Unfall 199840 (2020) Kat:3, Licht: 0,199840,3,6,2,11,08,5,0,0,0,1,0,0
"POINT (9.669710465000037 52.399839263000047)",Unfall 199841 (2020) Kat:3, Licht: 1,199841,3,6,3,11,16,2,0,1,0,1,0,0
"POINT (9.717196433000026 52.345006547000082)",Unfall 199857 (2020) Kat:3, Licht: 0,199857,3,3,5,11,07,3,0,0,1,1,0,0
"POINT (9.613703997000073 52.315984168000057)",Unfall 199863 (2020) Kat:3, Licht: 0,199863,3,3,5,11,14,3,0,0,0,1,0,0
"POINT (9.610743765000052 52.411003465000078)",Unfall 199875 (2020) Kat:3, Licht: 2,199875,3,7,3,11,17,7,1,2,0,1,0,1
"POINT (9.782389960000046 52.372891172000038)",Unfall 199887 (2020) Kat:3, Licht: 0,199887,3,7,0,11,14,7,1,0,1,0,0,0
"POINT (9.799019701000077 52.376385837000043)",Unfall 199889 (2020) Kat:3, Licht: 0,199889,3,6,2,11,07,4,0,0,0,1,0,0
"POINT (9.669467830000031 52.354832593000026)",Unfall 199890 (2020) Kat:3, Licht: 0,199890,3,5,1,11,10,6,0,0,1,1,0,0
"POINT (9.855628961000036 52.392330544000060)",Unfall 199892 (2020) Kat:3, Licht: 0,199892,3,2,6,11,10,5,0,0,0,1,1,0
"POINT (9.716866351000022 52.386186248000058)",Unfall 199893 (2020) Kat:3, Licht: 2,199893,3,1,0,11,21,5,0,2,1,0,0,0
"POINT (9.701362065000069 52.396061823000082)",Unfall 199894 (2020) Kat:3, Licht: 2,199894,3,7,0,11,05,2,1,2,1,0,0,0
"POINT (9.769269896000026 52.353328773000044)",Unfall 199906 (2020) Kat:3, Licht: 0,199906,3,1,0,11,13,3,1,0,1,0,0,0
"POINT (9.783146630000033 52.398438456000065)",Unfall 199916 (2020) Kat:3, Licht: 0,199916,3,3,5,11,11,1,0,0,1,1,0,0
"POINT (9.925915159000056 52.509452761000034)",Unfall 199930 (2020) Kat:3, Licht: 0,199930,3,2,3,11,14,7,1,0,1,1,0,0
"POINT (9.729989304000071 52.378390897000031)",Unfall 199932 (2020) Kat:3, Licht: 0,199932,3,3,5,11,12,4,0,0,0,1,0,0
"POINT (9.712072548000037 52.399858744000028)",Unfall 199947 (2020) Kat:3, Licht: 0,199947,3,7,0,11,15,4,0,0,1,0,0,0
"POINT (9.717575641000053 52.369995331000041)",Unfall 199949 (2020) Kat:3, Licht: 2,199949,3,1,1,11,19,6,1,2,0,1,0,1
"POINT (9.748932439000043 52.390292900000077)",Unfall 199950 (2020) Kat:3, Licht: 0,199950,3,5,1,11,14,3,1,0,0,1,1,0
"POINT (9.815506109000069 52.380435047000049)",Unfall 199954 (2020) Kat:3, Licht: 0,199954,3,7,6,11,16,2,0,0,0,1,1,0
"POINT (9.747609372000056 52.395112025000060)",Unfall 199961 (2020) Kat:2, Licht: 2,199961,2,2,6,11,06,3,1,2,0,0,1,0
"POINT (9.708424883000021 52.448346418000028)",Unfall 199970 (2020) Kat:3, Licht: 0,199970,3,7,0,11,14,2,0,0,0,1,0,0
"POINT (9.805583169000045 52.307011694000039)",Unfall 199976 (2020) Kat:3, Licht: 0,199976,3,7,0,11,10,2,0,0,0,1,0,0
"POINT (9.669387796000024 52.356333602000063)",Unfall 199985 (2020) Kat:2, Licht: 0,199985,2,1,9,11,19,7,1,0,1,0,0,0
"POINT (9.680389695000031 52.395759229000078)",Unfall 199989 (2020) Kat:3, Licht: 0,199989,3,3,5,11,10,7,1,0,1,1,0,0
"POINT (9.675495609000052 52.433317114000033)",Unfall 200002 (2020) Kat:3, Licht: 0,200002,3,1,0,11,10,3,1,0,0,0,0,1
"POINT (9.768340786000067 52.265285143000028)",Unfall 200004 (2020) Kat:2, Licht: 0,200004,2,4,6,11,16,4,0,0,0,1,1,0
"POINT (9.717447925000045 52.373053723000055)",Unfall 200005 (2020) Kat:3, Licht: 0,200005,3,6,2,11,11,6,0,0,0,1,0,0
"POINT (9.747121720000052 52.373764144000063)",Unfall 200007 (2020) Kat:3, Licht: 0,200007,3,2,2,11,08,5,0,0,0,1,0,0
"POINT (9.814715813000021 52.361969478000049)",Unfall 200008 (2020) Kat:3, Licht: 0,200008,3,3,0,11,12,2,0,0,1,0,1,0
"POINT (9.852726068000038 52.366727361000073)",Unfall 200027 (2020) Kat:3, Licht: 0,200027,3,1,0,11,12,1,0,0,1,0,0,0
"POINT (9.614439651000055 52.448260367000046)",Unfall 200042 (2020) Kat:3, Licht: 0,200042,3,3,5,11,13,7,0,0,0,1,0,0
"POINT (9.723463504000051 52.349698449000073)",Unfall 200043 (2020) Kat:3, Licht: 0,200043,3,7,0,11,16,4,0,0,1,0,0,0
"POINT (9.813058846000047 52.359579434000068)",Unfall 200053 (2020) Kat:3, Licht: 0,200053,3,3,5,11,11,7,0,0,1,1,0,0
"POINT (9.771877311000026 52.344556897000075)",Unfall 200054 (2020) Kat:3, Licht: 1,200054,3,7,0,11,16,4,0,1,1,0,0,0
"POINT (9.741231448000065 52.411356048000073)",Unfall 200055 (2020) Kat:3, Licht: 2,200055,3,6,2,11,16,4,0,2,0,1,0,0
"POINT (9.775552626000035 52.329091841000036)",Unfall 200057 (2020) Kat:3, Licht: 0,200057,3,3,5,11,07,6,1,0,1,0,0,0
"POINT (9.744437663000042 52.377830377000066)",Unfall 200058 (2020) Kat:3, Licht: 0,200058,3,7,2,11,13,3,0,0,0,1,0,0
"POINT (9.813947446000043 52.363298053000051)",Unfall 200074 (2020) Kat:3, Licht: 0,200074,3,2,5,11,13,1,0,0,0,1,0,0
"POINT (9.794406979000030 52.346732172000031)",Unfall 200076 (2020) Kat:3, Licht: 2,200076,3,1,0,11,18,1,0,2,1,0,0,0
"POINT (9.735733115000073 52.384258817000045)",Unfall 200079 (2020) Kat:3, Licht: 2,200079,3,6,2,11,18,6,0,2,0,1,0,1
"POINT (9.615797992000069 52.418766297000047)",Unfall 200081 (2020) Kat:3, Licht: 2,200081,3,2,5,11,22,6,0,2,0,1,0,0
"POINT (9.806825046000029 52.412127249000036)",Unfall 200087 (2020) Kat:3, Licht: 0,200087,3,3,5,11,14,7,0,0,1,1,0,0